"Genus"	"Phylum"	"Class"	"Order"	"Family"	"variable"	"present"	"cluster"	"ASV"	"Kingdom"	"reads"
"Abrostola"	"Arthropoda"	"Insecta"	"Lepidoptera"	"Noctuidae"	"SFKMCD"	1	"Noctuidae_cluster27"	"9a66125caeda0a302ad8594b9933ec77"	"Animalia"	1810
"Acyrthosiphon"	"Arthropoda"	"Insecta"	"Hemiptera"	"Aphididae"	"SUXVVU"	1	"Aphididae_cluster43"	"1ed286c3eb6aaa2cd770d929f908b5a6"	"Animalia"	377
"Agonopterix"	"Arthropoda"	"Insecta"	"Lepidoptera"	"Elachistidae"	"S8APX1"	0	"Elachistidae_cluster2"	"049a82683bf1c9590ac39cb2d89989df"	"Animalia"	16767
"Agonopterix"	"Arthropoda"	"Insecta"	"Lepidoptera"	"Elachistidae"	"SDD4G5"	0	"Elachistidae_cluster2"	"049a82683bf1c9590ac39cb2d89989df"	"Animalia"	1408
"Agonopterix"	"Arthropoda"	"Insecta"	"Lepidoptera"	"Elachistidae"	"SKA8NJ"	0	"Elachistidae_cluster2"	"049a82683bf1c9590ac39cb2d89989df"	"Animalia"	382
"Agonopterix"	"Arthropoda"	"Insecta"	"Lepidoptera"	"Elachistidae"	"SLWUQ2"	0	"Elachistidae_cluster2"	"049a82683bf1c9590ac39cb2d89989df"	"Animalia"	3298
"Agonopterix"	"Arthropoda"	"Insecta"	"Lepidoptera"	"Elachistidae"	"SM6D3B"	0	"Elachistidae_cluster2"	"049a82683bf1c9590ac39cb2d89989df"	"Animalia"	171
"Agonopterix"	"Arthropoda"	"Insecta"	"Lepidoptera"	"Elachistidae"	"SNYBEM"	0	"Elachistidae_cluster2"	"049a82683bf1c9590ac39cb2d89989df"	"Animalia"	121
"Agonopterix"	"Arthropoda"	"Insecta"	"Lepidoptera"	"Elachistidae"	"SUXEKB"	1	"Elachistidae_cluster2"	"049a82683bf1c9590ac39cb2d89989df"	"Animalia"	8345
"Agriphila"	"Arthropoda"	"Insecta"	"Lepidoptera"	"Crambidae"	"SKA8NJ"	1	"Crambidae_cluster3"	"56a654fe0493e8c680f6dfabb28f83ca"	"Animalia"	3720
"Allacma"	"Arthropoda"	"Collembola"	"Symphypleona"	"Sminthuridae"	"S6TGBG"	0	"Sminthuridae_cluster1"	"24d3581b582313132a1e9dcba0ad69a6"	"Animalia"	101
"Allacma"	"Arthropoda"	"Collembola"	"Symphypleona"	"Sminthuridae"	"SCFYMN"	1	"Sminthuridae_cluster1"	"24d3581b582313132a1e9dcba0ad69a6"	"Animalia"	967
"Allacma"	"Arthropoda"	"Collembola"	"Symphypleona"	"Sminthuridae"	"SK91LD"	0	"Sminthuridae_cluster1"	"24d3581b582313132a1e9dcba0ad69a6"	"Animalia"	208
"Allacma"	"Arthropoda"	"Collembola"	"Symphypleona"	"Sminthuridae"	"SSJSP9"	1	"Sminthuridae_cluster1"	"24d3581b582313132a1e9dcba0ad69a6"	"Animalia"	2541
"Ancistrocerus"	"Arthropoda"	"Insecta"	"Hymenoptera"	"Vespidae"	"SDD4G5"	1	"Vespidae_cluster12"	"3f37f10a47f3d71389811143c721b7c7"	"Animalia"	1586
"Ancistrocerus"	"Arthropoda"	"Insecta"	"Hymenoptera"	"Vespidae"	"SQYDDG"	0	"Vespidae_cluster12"	"3f37f10a47f3d71389811143c721b7c7"	"Animalia"	3874
"Andrena"	"Arthropoda"	"Insecta"	"Hymenoptera"	"Andrenidae"	"SQ1CGZ"	0	"Andrenidae_cluster12"	"8bd7974fb1a862db0ca10db841afe34a"	"Animalia"	180
"Andrena"	"Arthropoda"	"Insecta"	"Hymenoptera"	"Andrenidae"	"SY34ZS"	1	"Andrenidae_cluster12"	"8bd7974fb1a862db0ca10db841afe34a"	"Animalia"	27930
"Apotomis"	"Arthropoda"	"Insecta"	"Lepidoptera"	"Tortricidae"	"SQYDDG"	1	"Tortricidae_cluster21"	"c3dceb90a43d91ce947e09412992684c"	"Animalia"	5116
"Athalia"	"Arthropoda"	"Insecta"	"Hymenoptera"	"Tenthredinidae"	"SKA8NJ"	0	"Tenthredinidae_cluster4"	"d121ec66fd2475b9230b495669ca7b95"	"Animalia"	670
"Athalia"	"Arthropoda"	"Insecta"	"Hymenoptera"	"Tenthredinidae"	"SQYDDG"	0	"Tenthredinidae_cluster4"	"d121ec66fd2475b9230b495669ca7b95"	"Animalia"	904
"Athalia"	"Arthropoda"	"Insecta"	"Hymenoptera"	"Tenthredinidae"	"SUXVVU"	1	"Tenthredinidae_cluster4"	"d121ec66fd2475b9230b495669ca7b95"	"Animalia"	31057
"Autographa"	"Arthropoda"	"Insecta"	"Lepidoptera"	"Noctuidae"	"SDD4G5"	1	"Noctuidae_cluster1"	"c0f3745cc082f83422186fb2b3411fa7"	"Animalia"	12812
"Autographa"	"Arthropoda"	"Insecta"	"Lepidoptera"	"Noctuidae"	"SFKMCD"	1	"Noctuidae_cluster1"	"c0f3745cc082f83422186fb2b3411fa7"	"Animalia"	6281
"Autographa"	"Arthropoda"	"Insecta"	"Lepidoptera"	"Noctuidae"	"SKA8NJ"	1	"Noctuidae_cluster1"	"c0f3745cc082f83422186fb2b3411fa7"	"Animalia"	3534
"Autographa"	"Arthropoda"	"Insecta"	"Lepidoptera"	"Noctuidae"	"SM6D3B"	1	"Noctuidae_cluster1"	"c0f3745cc082f83422186fb2b3411fa7"	"Animalia"	17200
"Autographa"	"Arthropoda"	"Insecta"	"Lepidoptera"	"Noctuidae"	"SQYDDG"	0	"Noctuidae_cluster1"	"c0f3745cc082f83422186fb2b3411fa7"	"Animalia"	4
"Bellardia"	"Arthropoda"	"Insecta"	"Diptera"	"Calliphoridae"	"SQ1CGZ"	1	"Calliphoridae_cluster14"	"71b806994c9b769cec7329ff713f9d62"	"Animalia"	5961
"Bellardia"	"Arthropoda"	"Insecta"	"Diptera"	"Calliphoridae"	"SUXVVU"	0	"Calliphoridae_cluster14"	"71b806994c9b769cec7329ff713f9d62"	"Animalia"	11771
"Bombus"	"Arthropoda"	"Insecta"	"Hymenoptera"	"Apidae"	"S6TGBG"	1	"Apidae_cluster1"	"dc0c9e8d1b304ab0a638577cb095ea1d"	"Animalia"	240
"Bombus"	"Arthropoda"	"Insecta"	"Hymenoptera"	"Apidae"	"SCECHR"	1	"Apidae_cluster1"	"dc0c9e8d1b304ab0a638577cb095ea1d"	"Animalia"	500
"Bombus"	"Arthropoda"	"Insecta"	"Hymenoptera"	"Apidae"	"SCNXZK"	1	"Apidae_cluster1"	"dc0c9e8d1b304ab0a638577cb095ea1d"	"Animalia"	42606
"Bombus"	"Arthropoda"	"Insecta"	"Hymenoptera"	"Apidae"	"SDD4G5"	1	"Apidae_cluster1"	"dc0c9e8d1b304ab0a638577cb095ea1d"	"Animalia"	3439
"Bombus"	"Arthropoda"	"Insecta"	"Hymenoptera"	"Apidae"	"SHLY4A"	1	"Apidae_cluster1"	"dc0c9e8d1b304ab0a638577cb095ea1d"	"Animalia"	18212
"Bombus"	"Arthropoda"	"Insecta"	"Hymenoptera"	"Apidae"	"SIRUBH"	1	"Apidae_cluster1"	"dc0c9e8d1b304ab0a638577cb095ea1d"	"Animalia"	67801
"Bombus"	"Arthropoda"	"Insecta"	"Hymenoptera"	"Apidae"	"SKVHMG"	1	"Apidae_cluster1"	"dc0c9e8d1b304ab0a638577cb095ea1d"	"Animalia"	1243
"Bombus"	"Arthropoda"	"Insecta"	"Hymenoptera"	"Apidae"	"SLWUQ2"	1	"Apidae_cluster1"	"dc0c9e8d1b304ab0a638577cb095ea1d"	"Animalia"	7348
"Bombus"	"Arthropoda"	"Insecta"	"Hymenoptera"	"Apidae"	"SQYDDG"	1	"Apidae_cluster1"	"dc0c9e8d1b304ab0a638577cb095ea1d"	"Animalia"	40961
"Bombus"	"Arthropoda"	"Insecta"	"Hymenoptera"	"Apidae"	"SSJSP9"	1	"Apidae_cluster1"	"dc0c9e8d1b304ab0a638577cb095ea1d"	"Animalia"	16434
"Bombus"	"Arthropoda"	"Insecta"	"Hymenoptera"	"Apidae"	"SSY7BM"	1	"Apidae_cluster1"	"dc0c9e8d1b304ab0a638577cb095ea1d"	"Animalia"	125941
"Bombus"	"Arthropoda"	"Insecta"	"Hymenoptera"	"Apidae"	"SUNVYF"	1	"Apidae_cluster1"	"dc0c9e8d1b304ab0a638577cb095ea1d"	"Animalia"	17214
"Bombus"	"Arthropoda"	"Insecta"	"Hymenoptera"	"Apidae"	"SUTTXP"	1	"Apidae_cluster1"	"dc0c9e8d1b304ab0a638577cb095ea1d"	"Animalia"	24686
"Bombus"	"Arthropoda"	"Insecta"	"Hymenoptera"	"Apidae"	"SY34ZS"	1	"Apidae_cluster1"	"dc0c9e8d1b304ab0a638577cb095ea1d"	"Animalia"	18501
"Brachypalpus"	"Arthropoda"	"Insecta"	"Diptera"	"Syrphidae"	"SQ1CGZ"	1	"Syrphidae_cluster18"	"6010657af41e85164d354320afefabea"	"Animalia"	1598
"Bradysia"	"Arthropoda"	"Insecta"	"Diptera"	"Sciaridae"	"S5MEZA"	0	"Sciaridae_cluster100"	"ecc79bdaec49ac8d6e478b41187a9a74"	"Animalia"	2484
"Bradysia"	"Arthropoda"	"Insecta"	"Diptera"	"Sciaridae"	"S6TGBG"	0	"Sciaridae_cluster100"	"ecc79bdaec49ac8d6e478b41187a9a74"	"Animalia"	101
"Bradysia"	"Arthropoda"	"Insecta"	"Diptera"	"Sciaridae"	"SASQEH"	0	"Sciaridae_cluster100"	"ecc79bdaec49ac8d6e478b41187a9a74"	"Animalia"	114
"Bradysia"	"Arthropoda"	"Insecta"	"Diptera"	"Sciaridae"	"SCECHR"	0	"Sciaridae_cluster100"	"ecc79bdaec49ac8d6e478b41187a9a74"	"Animalia"	400
"Bradysia"	"Arthropoda"	"Insecta"	"Diptera"	"Sciaridae"	"SCNXZK"	0	"Sciaridae_cluster100"	"ecc79bdaec49ac8d6e478b41187a9a74"	"Animalia"	17922
"Bradysia"	"Arthropoda"	"Insecta"	"Diptera"	"Sciaridae"	"SDD4G5"	0	"Sciaridae_cluster100"	"ecc79bdaec49ac8d6e478b41187a9a74"	"Animalia"	79
"Bradysia"	"Arthropoda"	"Insecta"	"Diptera"	"Sciaridae"	"SFKMCD"	0	"Sciaridae_cluster100"	"ecc79bdaec49ac8d6e478b41187a9a74"	"Animalia"	79
"Bradysia"	"Arthropoda"	"Insecta"	"Diptera"	"Sciaridae"	"SGZUHD"	0	"Sciaridae_cluster100"	"ecc79bdaec49ac8d6e478b41187a9a74"	"Animalia"	456
"Bradysia"	"Arthropoda"	"Insecta"	"Diptera"	"Sciaridae"	"SHLY4A"	0	"Sciaridae_cluster100"	"ecc79bdaec49ac8d6e478b41187a9a74"	"Animalia"	3065
"Bradysia"	"Arthropoda"	"Insecta"	"Diptera"	"Sciaridae"	"SK91LD"	0	"Sciaridae_cluster100"	"ecc79bdaec49ac8d6e478b41187a9a74"	"Animalia"	924
"Bradysia"	"Arthropoda"	"Insecta"	"Diptera"	"Sciaridae"	"SKA8NJ"	0	"Sciaridae_cluster100"	"ecc79bdaec49ac8d6e478b41187a9a74"	"Animalia"	95
"Bradysia"	"Arthropoda"	"Insecta"	"Diptera"	"Sciaridae"	"SKVHMG"	0	"Sciaridae_cluster100"	"ecc79bdaec49ac8d6e478b41187a9a74"	"Animalia"	943
"Bradysia"	"Arthropoda"	"Insecta"	"Diptera"	"Sciaridae"	"SKYQAL"	0	"Sciaridae_cluster100"	"ecc79bdaec49ac8d6e478b41187a9a74"	"Animalia"	29717
"Bradysia"	"Arthropoda"	"Insecta"	"Diptera"	"Sciaridae"	"SM6D3B"	0	"Sciaridae_cluster100"	"ecc79bdaec49ac8d6e478b41187a9a74"	"Animalia"	753
"Bradysia"	"Arthropoda"	"Insecta"	"Diptera"	"Sciaridae"	"SQ1CGZ"	1	"Sciaridae_cluster100"	"ecc79bdaec49ac8d6e478b41187a9a74"	"Animalia"	1724
"Bradysia"	"Arthropoda"	"Insecta"	"Diptera"	"Sciaridae"	"SQYDDG"	0	"Sciaridae_cluster100"	"ecc79bdaec49ac8d6e478b41187a9a74"	"Animalia"	897
"Bradysia"	"Arthropoda"	"Insecta"	"Diptera"	"Sciaridae"	"ST2SCC"	0	"Sciaridae_cluster100"	"ecc79bdaec49ac8d6e478b41187a9a74"	"Animalia"	70
"Bradysia"	"Arthropoda"	"Insecta"	"Diptera"	"Sciaridae"	"SUTTXP"	0	"Sciaridae_cluster100"	"ecc79bdaec49ac8d6e478b41187a9a74"	"Animalia"	1956
"Bradysia"	"Arthropoda"	"Insecta"	"Diptera"	"Sciaridae"	"SUXEKB"	0	"Sciaridae_cluster100"	"ecc79bdaec49ac8d6e478b41187a9a74"	"Animalia"	60
"Bradysia"	"Arthropoda"	"Insecta"	"Diptera"	"Sciaridae"	"SUXVVU"	0	"Sciaridae_cluster100"	"ecc79bdaec49ac8d6e478b41187a9a74"	"Animalia"	1844
"Bradysia"	"Arthropoda"	"Insecta"	"Diptera"	"Sciaridae"	"SWKRGL"	0	"Sciaridae_cluster100"	"ecc79bdaec49ac8d6e478b41187a9a74"	"Animalia"	591
"Bradysia"	"Arthropoda"	"Insecta"	"Diptera"	"Sciaridae"	"SZCD49"	0	"Sciaridae_cluster100"	"ecc79bdaec49ac8d6e478b41187a9a74"	"Animalia"	518
"Bradysia"	"Arthropoda"	"Insecta"	"Diptera"	"Sciaridae"	"SZNYJX"	0	"Sciaridae_cluster100"	"ecc79bdaec49ac8d6e478b41187a9a74"	"Animalia"	86
"Brassicogethes"	"Arthropoda"	"Insecta"	"Coleoptera"	"Nitidulidae"	"SQYDDG"	1	"Nitidulidae_cluster1"	"cc9adda65b25f26cccd49f9b2c14bb26"	"Animalia"	3863
"Brassicogethes"	"Arthropoda"	"Insecta"	"Coleoptera"	"Nitidulidae"	"SUXVVU"	0	"Nitidulidae_cluster1"	"cc9adda65b25f26cccd49f9b2c14bb26"	"Animalia"	348
"Buathra"	"Arthropoda"	"Insecta"	"Hymenoptera"	"Ichneumonidae"	"SM6D3B"	0	"Ichneumonidae_cluster21"	"804abd32ae7c10df2b0e0b8bf261b4bf"	"Animalia"	289
"Calliphora"	"Arthropoda"	"Insecta"	"Diptera"	"Calliphoridae"	"SCECHR"	1	"Calliphoridae_cluster2"	"7f9734df0c9c8fab30511a2e225c1175"	"Animalia"	34849
"Calliphora"	"Arthropoda"	"Insecta"	"Diptera"	"Calliphoridae"	"SHLY4A"	0	"Calliphoridae_cluster2"	"7f9734df0c9c8fab30511a2e225c1175"	"Animalia"	4712
"Calliphora"	"Arthropoda"	"Insecta"	"Diptera"	"Calliphoridae"	"SK91LD"	0	"Calliphoridae_cluster2"	"7f9734df0c9c8fab30511a2e225c1175"	"Animalia"	6585
"Calliphora"	"Arthropoda"	"Insecta"	"Diptera"	"Calliphoridae"	"SSJSP9"	0	"Calliphoridae_cluster2"	"7f9734df0c9c8fab30511a2e225c1175"	"Animalia"	5745
"Calliphora"	"Arthropoda"	"Insecta"	"Diptera"	"Calliphoridae"	"SUNVYF"	1	"Calliphoridae_cluster2"	"7f9734df0c9c8fab30511a2e225c1175"	"Animalia"	9247
"Calliphora"	"Arthropoda"	"Insecta"	"Diptera"	"Calliphoridae"	"SZCD49"	0	"Calliphoridae_cluster2"	"7f9734df0c9c8fab30511a2e225c1175"	"Animalia"	1546
"Cantharis"	"Arthropoda"	"Insecta"	"Coleoptera"	"Cantharidae"	"S6TGBG"	0	"Cantharidae_cluster12"	"99097d64bb866f16fa43f96d0dc65e60"	"Animalia"	1369
"Cantharis"	"Arthropoda"	"Insecta"	"Coleoptera"	"Cantharidae"	"SFKMCD"	1	"Cantharidae_cluster12"	"99097d64bb866f16fa43f96d0dc65e60"	"Animalia"	5128
"Cantharis"	"Arthropoda"	"Insecta"	"Coleoptera"	"Cantharidae"	"SHLY4A"	0	"Cantharidae_cluster12"	"99097d64bb866f16fa43f96d0dc65e60"	"Animalia"	11
"Cantharis"	"Arthropoda"	"Insecta"	"Coleoptera"	"Cantharidae"	"SKVHMG"	1	"Cantharidae_cluster12"	"99097d64bb866f16fa43f96d0dc65e60"	"Animalia"	30901
"Cantharis"	"Arthropoda"	"Insecta"	"Coleoptera"	"Cantharidae"	"SM6D3B"	1	"Cantharidae_cluster12"	"99097d64bb866f16fa43f96d0dc65e60"	"Animalia"	45276
"Cantharis"	"Arthropoda"	"Insecta"	"Coleoptera"	"Cantharidae"	"SQ1CGZ"	1	"Cantharidae_cluster12"	"99097d64bb866f16fa43f96d0dc65e60"	"Animalia"	12212
"Cantharis"	"Arthropoda"	"Insecta"	"Coleoptera"	"Cantharidae"	"SQYDDG"	0	"Cantharidae_cluster12"	"99097d64bb866f16fa43f96d0dc65e60"	"Animalia"	3014
"Cantharis"	"Arthropoda"	"Insecta"	"Coleoptera"	"Cantharidae"	"SSJSP9"	0	"Cantharidae_cluster12"	"99097d64bb866f16fa43f96d0dc65e60"	"Animalia"	238
"Cantharis"	"Arthropoda"	"Insecta"	"Coleoptera"	"Cantharidae"	"SUXVVU"	1	"Cantharidae_cluster12"	"99097d64bb866f16fa43f96d0dc65e60"	"Animalia"	198861
"Cantharis"	"Arthropoda"	"Insecta"	"Coleoptera"	"Cantharidae"	"SZCD49"	0	"Cantharidae_cluster12"	"99097d64bb866f16fa43f96d0dc65e60"	"Animalia"	134
"Carcina"	"Arthropoda"	"Insecta"	"Lepidoptera"	"Oecophoridae"	"ST2SCC"	1	"Oecophoridae_cluster1"	"1d96ad65ffb89aac664dee93b5fddede"	"Animalia"	2892
"Charanyca"	"Arthropoda"	"Insecta"	"Lepidoptera"	"Noctuidae"	"S6TGBG"	1	"Noctuidae_cluster19"	"274cca29fc7e02f850202c30d5a6c8ad"	"Animalia"	8402
"Charanyca"	"Arthropoda"	"Insecta"	"Lepidoptera"	"Noctuidae"	"SDD4G5"	1	"Noctuidae_cluster19"	"274cca29fc7e02f850202c30d5a6c8ad"	"Animalia"	12967
"Charanyca"	"Arthropoda"	"Insecta"	"Lepidoptera"	"Noctuidae"	"SQYDDG"	1	"Noctuidae_cluster19"	"274cca29fc7e02f850202c30d5a6c8ad"	"Animalia"	22355
"Cheilosia"	"Arthropoda"	"Insecta"	"Diptera"	"Syrphidae"	"SCFYMN"	1	"Syrphidae_cluster16"	"9e60af79ddca500a64cb460c73b9248f"	"Animalia"	6501
"Cheilosia"	"Arthropoda"	"Insecta"	"Diptera"	"Syrphidae"	"SHLY4A"	0	"Syrphidae_cluster16"	"9e60af79ddca500a64cb460c73b9248f"	"Animalia"	223
"Cheilosia"	"Arthropoda"	"Insecta"	"Diptera"	"Syrphidae"	"SQ1CGZ"	0	"Syrphidae_cluster16"	"9e60af79ddca500a64cb460c73b9248f"	"Animalia"	689
"Cheilosia"	"Arthropoda"	"Insecta"	"Diptera"	"Syrphidae"	"SSJSP9"	1	"Syrphidae_cluster16"	"9e60af79ddca500a64cb460c73b9248f"	"Animalia"	3144
"Chrysoteuchia"	"Arthropoda"	"Insecta"	"Lepidoptera"	"Crambidae"	"SDD4G5"	1	"Crambidae_cluster1"	"a1d6d6be6aa170604cde1f0ec6c73e47"	"Animalia"	15141
"Chrysoteuchia"	"Arthropoda"	"Insecta"	"Lepidoptera"	"Crambidae"	"SFKMCD"	1	"Crambidae_cluster1"	"a1d6d6be6aa170604cde1f0ec6c73e47"	"Animalia"	4411
"Chrysoteuchia"	"Arthropoda"	"Insecta"	"Lepidoptera"	"Crambidae"	"SKA8NJ"	1	"Crambidae_cluster1"	"a1d6d6be6aa170604cde1f0ec6c73e47"	"Animalia"	447
"Chrysoteuchia"	"Arthropoda"	"Insecta"	"Lepidoptera"	"Crambidae"	"SQYDDG"	1	"Crambidae_cluster1"	"a1d6d6be6aa170604cde1f0ec6c73e47"	"Animalia"	1581
"Chrysotoxum"	"Arthropoda"	"Insecta"	"Diptera"	"Syrphidae"	"S6TGBG"	1	"Syrphidae_cluster4"	"c49ec786c9845b2e55bf4611541bd1f7"	"Animalia"	7526
"Chrysotoxum"	"Arthropoda"	"Insecta"	"Diptera"	"Syrphidae"	"SCFYMN"	1	"Syrphidae_cluster4"	"c49ec786c9845b2e55bf4611541bd1f7"	"Animalia"	10375
"Chrysotoxum"	"Arthropoda"	"Insecta"	"Diptera"	"Syrphidae"	"SKA8NJ"	1	"Syrphidae_cluster4"	"c49ec786c9845b2e55bf4611541bd1f7"	"Animalia"	1874
"Chrysotoxum"	"Arthropoda"	"Insecta"	"Diptera"	"Syrphidae"	"SQYDDG"	0	"Syrphidae_cluster4"	"c49ec786c9845b2e55bf4611541bd1f7"	"Animalia"	13498
"Chrysotoxum"	"Arthropoda"	"Insecta"	"Diptera"	"Syrphidae"	"SSJSP9"	0	"Syrphidae_cluster4"	"c49ec786c9845b2e55bf4611541bd1f7"	"Animalia"	3493
"Chrysotoxum"	"Arthropoda"	"Insecta"	"Diptera"	"Syrphidae"	"SSY7BM"	1	"Syrphidae_cluster4"	"c49ec786c9845b2e55bf4611541bd1f7"	"Animalia"	23686
"Chrysotoxum"	"Arthropoda"	"Insecta"	"Diptera"	"Syrphidae"	"SUNVYF"	1	"Syrphidae_cluster4"	"c49ec786c9845b2e55bf4611541bd1f7"	"Animalia"	10500
"Chrysotoxum"	"Arthropoda"	"Insecta"	"Diptera"	"Syrphidae"	"SZCD49"	0	"Syrphidae_cluster4"	"c49ec786c9845b2e55bf4611541bd1f7"	"Animalia"	1383
"Coccinella"	"Arthropoda"	"Insecta"	"Coleoptera"	"Coccinellidae"	"S5MEZA"	1	"Coccinellidae_cluster1"	"95b649a6e3e61eb9b8092e3b7a2c9a79"	"Animalia"	4901
"Coccinella"	"Arthropoda"	"Insecta"	"Coleoptera"	"Coccinellidae"	"SFKMCD"	0	"Coccinellidae_cluster1"	"95b649a6e3e61eb9b8092e3b7a2c9a79"	"Animalia"	1196
"Coccinella"	"Arthropoda"	"Insecta"	"Coleoptera"	"Coccinellidae"	"SKA8NJ"	0	"Coccinellidae_cluster1"	"95b649a6e3e61eb9b8092e3b7a2c9a79"	"Animalia"	434
"Coccinella"	"Arthropoda"	"Insecta"	"Coleoptera"	"Coccinellidae"	"SQ1CGZ"	1	"Coccinellidae_cluster1"	"95b649a6e3e61eb9b8092e3b7a2c9a79"	"Animalia"	909
"Coccinella"	"Arthropoda"	"Insecta"	"Coleoptera"	"Coccinellidae"	"SQYDDG"	1	"Coccinellidae_cluster1"	"95b649a6e3e61eb9b8092e3b7a2c9a79"	"Animalia"	6045
"Coccinella"	"Arthropoda"	"Insecta"	"Coleoptera"	"Coccinellidae"	"SUXVVU"	1	"Coccinellidae_cluster1"	"95b649a6e3e61eb9b8092e3b7a2c9a79"	"Animalia"	46783
"Coccinella"	"Arthropoda"	"Insecta"	"Coleoptera"	"Coccinellidae"	"SY34ZS"	1	"Coccinellidae_cluster1"	"95b649a6e3e61eb9b8092e3b7a2c9a79"	"Animalia"	7259
"Coleophora"	"Arthropoda"	"Insecta"	"Lepidoptera"	"Coleophoridae"	"SCECHR"	0	"Coleophoridae_cluster1"	"d72ed9fc3cc52f208a7b5652d0285994"	"Animalia"	1718
"Coleophora"	"Arthropoda"	"Insecta"	"Lepidoptera"	"Coleophoridae"	"SDD4G5"	1	"Coleophoridae_cluster1"	"d72ed9fc3cc52f208a7b5652d0285994"	"Animalia"	952
"Coleophora"	"Arthropoda"	"Insecta"	"Lepidoptera"	"Coleophoridae"	"SFKMCD"	0	"Coleophoridae_cluster1"	"d72ed9fc3cc52f208a7b5652d0285994"	"Animalia"	17
"Coleophora"	"Arthropoda"	"Insecta"	"Lepidoptera"	"Coleophoridae"	"SHLY4A"	0	"Coleophoridae_cluster1"	"d72ed9fc3cc52f208a7b5652d0285994"	"Animalia"	336
"Coleophora"	"Arthropoda"	"Insecta"	"Lepidoptera"	"Coleophoridae"	"SSJSP9"	0	"Coleophoridae_cluster1"	"d72ed9fc3cc52f208a7b5652d0285994"	"Animalia"	382
"Coleophora"	"Arthropoda"	"Insecta"	"Lepidoptera"	"Coleophoridae"	"SSY7BM"	0	"Coleophoridae_cluster1"	"d72ed9fc3cc52f208a7b5652d0285994"	"Animalia"	6
"Coleophora"	"Arthropoda"	"Insecta"	"Lepidoptera"	"Coleophoridae"	"SUNVYF"	0	"Coleophoridae_cluster1"	"d72ed9fc3cc52f208a7b5652d0285994"	"Animalia"	205
"Coleophora"	"Arthropoda"	"Insecta"	"Lepidoptera"	"Coleophoridae"	"SUTTXP"	0	"Coleophoridae_cluster1"	"d72ed9fc3cc52f208a7b5652d0285994"	"Animalia"	271
"Coleophora"	"Arthropoda"	"Insecta"	"Lepidoptera"	"Coleophoridae"	"SUXVVU"	0	"Coleophoridae_cluster1"	"d72ed9fc3cc52f208a7b5652d0285994"	"Animalia"	904
"Coleophora"	"Arthropoda"	"Insecta"	"Lepidoptera"	"Coleophoridae"	"SZCD49"	0	"Coleophoridae_cluster1"	"d72ed9fc3cc52f208a7b5652d0285994"	"Animalia"	28
"Delia"	"Arthropoda"	"Insecta"	"Diptera"	"Anthomyiidae"	"SASQEH"	0	"Anthomyiidae_cluster1"	"df166ecd01ca78133b4f6698d287e1b4"	"Animalia"	769
"Delia"	"Arthropoda"	"Insecta"	"Diptera"	"Anthomyiidae"	"SDD4G5"	0	"Anthomyiidae_cluster1"	"df166ecd01ca78133b4f6698d287e1b4"	"Animalia"	8398
"Delia"	"Arthropoda"	"Insecta"	"Diptera"	"Anthomyiidae"	"SFKMCD"	1	"Anthomyiidae_cluster1"	"df166ecd01ca78133b4f6698d287e1b4"	"Animalia"	5400
"Delia"	"Arthropoda"	"Insecta"	"Diptera"	"Anthomyiidae"	"SHLY4A"	1	"Anthomyiidae_cluster1"	"df166ecd01ca78133b4f6698d287e1b4"	"Animalia"	1048
"Delia"	"Arthropoda"	"Insecta"	"Diptera"	"Anthomyiidae"	"SK91LD"	1	"Anthomyiidae_cluster1"	"df166ecd01ca78133b4f6698d287e1b4"	"Animalia"	440
"Delia"	"Arthropoda"	"Insecta"	"Diptera"	"Anthomyiidae"	"SKA8NJ"	1	"Anthomyiidae_cluster1"	"df166ecd01ca78133b4f6698d287e1b4"	"Animalia"	7598
"Delia"	"Arthropoda"	"Insecta"	"Diptera"	"Anthomyiidae"	"SM6D3B"	1	"Anthomyiidae_cluster1"	"df166ecd01ca78133b4f6698d287e1b4"	"Animalia"	37117
"Delia"	"Arthropoda"	"Insecta"	"Diptera"	"Anthomyiidae"	"SQ1CGZ"	1	"Anthomyiidae_cluster1"	"df166ecd01ca78133b4f6698d287e1b4"	"Animalia"	989
"Delia"	"Arthropoda"	"Insecta"	"Diptera"	"Anthomyiidae"	"SQYDDG"	1	"Anthomyiidae_cluster1"	"df166ecd01ca78133b4f6698d287e1b4"	"Animalia"	59934
"Delia"	"Arthropoda"	"Insecta"	"Diptera"	"Anthomyiidae"	"SUXVVU"	0	"Anthomyiidae_cluster1"	"df166ecd01ca78133b4f6698d287e1b4"	"Animalia"	43421
"Delia"	"Arthropoda"	"Insecta"	"Diptera"	"Anthomyiidae"	"SZCD49"	0	"Anthomyiidae_cluster1"	"df166ecd01ca78133b4f6698d287e1b4"	"Animalia"	362
"Dolichovespula"	"Arthropoda"	"Insecta"	"Hymenoptera"	"Vespidae"	"SQ1CGZ"	1	"Vespidae_cluster1"	"87dbac9dee4226bb8b096c47427610ab"	"Animalia"	4379
"Dolichovespula"	"Arthropoda"	"Insecta"	"Hymenoptera"	"Vespidae"	"SQYDDG"	1	"Vespidae_cluster1"	"87dbac9dee4226bb8b096c47427610ab"	"Animalia"	54201
"Dolichovespula"	"Arthropoda"	"Insecta"	"Hymenoptera"	"Vespidae"	"SSJSP9"	1	"Vespidae_cluster1"	"87dbac9dee4226bb8b096c47427610ab"	"Animalia"	9691
"Dolichovespula"	"Arthropoda"	"Insecta"	"Hymenoptera"	"Vespidae"	"SUNVYF"	1	"Vespidae_cluster1"	"87dbac9dee4226bb8b096c47427610ab"	"Animalia"	46632
"Dolichovespula"	"Arthropoda"	"Insecta"	"Hymenoptera"	"Vespidae"	"SZNYJX"	1	"Vespidae_cluster1"	"87dbac9dee4226bb8b096c47427610ab"	"Animalia"	187335
"Dusona"	"Arthropoda"	"Insecta"	"Hymenoptera"	"Ichneumonidae"	"S6TGBG"	0	"Ichneumonidae_cluster1097"	"de66a93ae2b3c5506000807bbb23f163"	"Animalia"	36
"Dusona"	"Arthropoda"	"Insecta"	"Hymenoptera"	"Ichneumonidae"	"SDD4G5"	1	"Ichneumonidae_cluster1097"	"de66a93ae2b3c5506000807bbb23f163"	"Animalia"	572
"Dusona"	"Arthropoda"	"Insecta"	"Hymenoptera"	"Ichneumonidae"	"SFKMCD"	0	"Ichneumonidae_cluster1097"	"de66a93ae2b3c5506000807bbb23f163"	"Animalia"	996
"Dusona"	"Arthropoda"	"Insecta"	"Hymenoptera"	"Ichneumonidae"	"SHLY4A"	1	"Ichneumonidae_cluster1097"	"de66a93ae2b3c5506000807bbb23f163"	"Animalia"	4288
"Dusona"	"Arthropoda"	"Insecta"	"Hymenoptera"	"Ichneumonidae"	"SKA8NJ"	0	"Ichneumonidae_cluster1097"	"de66a93ae2b3c5506000807bbb23f163"	"Animalia"	81
"Dusona"	"Arthropoda"	"Insecta"	"Hymenoptera"	"Ichneumonidae"	"SKVHMG"	1	"Ichneumonidae_cluster1097"	"de66a93ae2b3c5506000807bbb23f163"	"Animalia"	31
"Dusona"	"Arthropoda"	"Insecta"	"Hymenoptera"	"Ichneumonidae"	"SQ1CGZ"	0	"Ichneumonidae_cluster1097"	"de66a93ae2b3c5506000807bbb23f163"	"Animalia"	219
"Dusona"	"Arthropoda"	"Insecta"	"Hymenoptera"	"Ichneumonidae"	"SQYDDG"	1	"Ichneumonidae_cluster1097"	"de66a93ae2b3c5506000807bbb23f163"	"Animalia"	3640
"Dusona"	"Arthropoda"	"Insecta"	"Hymenoptera"	"Ichneumonidae"	"SSJSP9"	0	"Ichneumonidae_cluster1097"	"de66a93ae2b3c5506000807bbb23f163"	"Animalia"	51
"Dusona"	"Arthropoda"	"Insecta"	"Hymenoptera"	"Ichneumonidae"	"SUNVYF"	1	"Ichneumonidae_cluster1097"	"de66a93ae2b3c5506000807bbb23f163"	"Animalia"	4605
"Dusona"	"Arthropoda"	"Insecta"	"Hymenoptera"	"Ichneumonidae"	"SZCD49"	0	"Ichneumonidae_cluster1097"	"de66a93ae2b3c5506000807bbb23f163"	"Animalia"	743
"Epinotia"	"Arthropoda"	"Insecta"	"Lepidoptera"	"Tortricidae"	"S6TGBG"	1	"Tortricidae_cluster1"	"1e5b3bcd7f5d958f6fbc6d84ad92a266"	"Animalia"	2367
"Epinotia"	"Arthropoda"	"Insecta"	"Lepidoptera"	"Tortricidae"	"S8APX1"	0	"Tortricidae_cluster1"	"1e5b3bcd7f5d958f6fbc6d84ad92a266"	"Animalia"	5535
"Epinotia"	"Arthropoda"	"Insecta"	"Lepidoptera"	"Tortricidae"	"SASQEH"	1	"Tortricidae_cluster1"	"1e5b3bcd7f5d958f6fbc6d84ad92a266"	"Animalia"	4845
"Epinotia"	"Arthropoda"	"Insecta"	"Lepidoptera"	"Tortricidae"	"SFKMCD"	0	"Tortricidae_cluster1"	"1e5b3bcd7f5d958f6fbc6d84ad92a266"	"Animalia"	41
"Epinotia"	"Arthropoda"	"Insecta"	"Lepidoptera"	"Tortricidae"	"SGZUHD"	0	"Tortricidae_cluster1"	"1e5b3bcd7f5d958f6fbc6d84ad92a266"	"Animalia"	2609
"Epinotia"	"Arthropoda"	"Insecta"	"Lepidoptera"	"Tortricidae"	"SHLY4A"	0	"Tortricidae_cluster1"	"1e5b3bcd7f5d958f6fbc6d84ad92a266"	"Animalia"	2548
"Epinotia"	"Arthropoda"	"Insecta"	"Lepidoptera"	"Tortricidae"	"SK91LD"	1	"Tortricidae_cluster1"	"1e5b3bcd7f5d958f6fbc6d84ad92a266"	"Animalia"	3209
"Epinotia"	"Arthropoda"	"Insecta"	"Lepidoptera"	"Tortricidae"	"SQQBCH"	0	"Tortricidae_cluster1"	"1e5b3bcd7f5d958f6fbc6d84ad92a266"	"Animalia"	1426
"Epinotia"	"Arthropoda"	"Insecta"	"Lepidoptera"	"Tortricidae"	"SWKRGL"	1	"Tortricidae_cluster1"	"1e5b3bcd7f5d958f6fbc6d84ad92a266"	"Animalia"	28296
"Epinotia"	"Arthropoda"	"Insecta"	"Lepidoptera"	"Tortricidae"	"SZCD49"	0	"Tortricidae_cluster1"	"1e5b3bcd7f5d958f6fbc6d84ad92a266"	"Animalia"	1127
"Episyrphus"	"Arthropoda"	"Insecta"	"Diptera"	"Syrphidae"	"SCFYMN"	1	"Syrphidae_cluster2"	"723f72503984190cce8f182870932fed"	"Animalia"	2789
"Episyrphus"	"Arthropoda"	"Insecta"	"Diptera"	"Syrphidae"	"SFKMCD"	1	"Syrphidae_cluster2"	"723f72503984190cce8f182870932fed"	"Animalia"	12345
"Episyrphus"	"Arthropoda"	"Insecta"	"Diptera"	"Syrphidae"	"SKA8NJ"	1	"Syrphidae_cluster2"	"723f72503984190cce8f182870932fed"	"Animalia"	965
"Episyrphus"	"Arthropoda"	"Insecta"	"Diptera"	"Syrphidae"	"SQYDDG"	1	"Syrphidae_cluster2"	"723f72503984190cce8f182870932fed"	"Animalia"	12508
"Eulithis"	"Arthropoda"	"Insecta"	"Lepidoptera"	"Geometridae"	"SSJSP9"	1	"Geometridae_cluster4"	"c68fe8dfa3ba521bb5e4854de3d8030f"	"Animalia"	507
"Eupeodes"	"Arthropoda"	"Insecta"	"Diptera"	"Syrphidae"	"SDD4G5"	1	"Syrphidae_cluster8"	"57fdbd7825d2da1fe1c1212131b8f526"	"Animalia"	5151
"Eupeodes"	"Arthropoda"	"Insecta"	"Diptera"	"Syrphidae"	"SFKMCD"	1	"Syrphidae_cluster8"	"57fdbd7825d2da1fe1c1212131b8f526"	"Animalia"	13090
"Eupeodes"	"Arthropoda"	"Insecta"	"Diptera"	"Syrphidae"	"SKA8NJ"	1	"Syrphidae_cluster8"	"57fdbd7825d2da1fe1c1212131b8f526"	"Animalia"	2242
"Eupeodes"	"Arthropoda"	"Insecta"	"Diptera"	"Syrphidae"	"SKVHMG"	1	"Syrphidae_cluster8"	"57fdbd7825d2da1fe1c1212131b8f526"	"Animalia"	25943
"Eupeodes"	"Arthropoda"	"Insecta"	"Diptera"	"Syrphidae"	"SM6D3B"	1	"Syrphidae_cluster8"	"57fdbd7825d2da1fe1c1212131b8f526"	"Animalia"	78195
"Eupeodes"	"Arthropoda"	"Insecta"	"Diptera"	"Syrphidae"	"SQYDDG"	1	"Syrphidae_cluster8"	"57fdbd7825d2da1fe1c1212131b8f526"	"Animalia"	6727
"Eupeodes"	"Arthropoda"	"Insecta"	"Diptera"	"Syrphidae"	"SUTTXP"	1	"Syrphidae_cluster8"	"57fdbd7825d2da1fe1c1212131b8f526"	"Animalia"	4751
"Eupeodes"	"Arthropoda"	"Insecta"	"Diptera"	"Syrphidae"	"SUXVVU"	1	"Syrphidae_cluster8"	"57fdbd7825d2da1fe1c1212131b8f526"	"Animalia"	23366
"Eupithecia"	"Arthropoda"	"Insecta"	"Lepidoptera"	"Geometridae"	"S6TGBG"	0	"Geometridae_cluster107"	"d7f7bb3e5f0b4f9fbf566e34d9af0ff8"	"Animalia"	630
"Eupithecia"	"Arthropoda"	"Insecta"	"Lepidoptera"	"Geometridae"	"SFKMCD"	0	"Geometridae_cluster107"	"d7f7bb3e5f0b4f9fbf566e34d9af0ff8"	"Animalia"	548
"Eupithecia"	"Arthropoda"	"Insecta"	"Lepidoptera"	"Geometridae"	"SHLY4A"	0	"Geometridae_cluster107"	"d7f7bb3e5f0b4f9fbf566e34d9af0ff8"	"Animalia"	2
"Eupithecia"	"Arthropoda"	"Insecta"	"Lepidoptera"	"Geometridae"	"SWKRGL"	1	"Geometridae_cluster107"	"d7f7bb3e5f0b4f9fbf566e34d9af0ff8"	"Animalia"	103175
"Forficula"	"Arthropoda"	"Insecta"	"Dermaptera"	"Forficulidae"	"SDD4G5"	1	"Forficulidae_cluster2"	"76340d436ee2a48fc53b8a00be57ec8e"	"Animalia"	13670
"Forficula"	"Arthropoda"	"Insecta"	"Dermaptera"	"Forficulidae"	"SFKMCD"	0	"Forficulidae_cluster2"	"76340d436ee2a48fc53b8a00be57ec8e"	"Animalia"	107
"Forficula"	"Arthropoda"	"Insecta"	"Dermaptera"	"Forficulidae"	"SQYDDG"	1	"Forficulidae_cluster2"	"76340d436ee2a48fc53b8a00be57ec8e"	"Animalia"	5378
"Forficula"	"Arthropoda"	"Insecta"	"Dermaptera"	"Forficulidae"	"ST2SCC"	1	"Forficulidae_cluster2"	"76340d436ee2a48fc53b8a00be57ec8e"	"Animalia"	3270
"Formica"	"Arthropoda"	"Insecta"	"Hymenoptera"	"Formicidae"	"S5MEZA"	0	"Formicidae_cluster12"	"6162cce988b5ae6806198f7214eaa260"	"Animalia"	429
"Formica"	"Arthropoda"	"Insecta"	"Hymenoptera"	"Formicidae"	"S6TGBG"	0	"Formicidae_cluster12"	"6162cce988b5ae6806198f7214eaa260"	"Animalia"	583
"Formica"	"Arthropoda"	"Insecta"	"Hymenoptera"	"Formicidae"	"SBWPUY"	1	"Formicidae_cluster12"	"6162cce988b5ae6806198f7214eaa260"	"Animalia"	6955
"Formica"	"Arthropoda"	"Insecta"	"Hymenoptera"	"Formicidae"	"SCECHR"	0	"Formicidae_cluster12"	"6162cce988b5ae6806198f7214eaa260"	"Animalia"	519
"Formica"	"Arthropoda"	"Insecta"	"Hymenoptera"	"Formicidae"	"SCNXZK"	0	"Formicidae_cluster12"	"6162cce988b5ae6806198f7214eaa260"	"Animalia"	1361
"Formica"	"Arthropoda"	"Insecta"	"Hymenoptera"	"Formicidae"	"SDD4G5"	1	"Formicidae_cluster12"	"6162cce988b5ae6806198f7214eaa260"	"Animalia"	2378
"Formica"	"Arthropoda"	"Insecta"	"Hymenoptera"	"Formicidae"	"SFKMCD"	0	"Formicidae_cluster12"	"6162cce988b5ae6806198f7214eaa260"	"Animalia"	411
"Formica"	"Arthropoda"	"Insecta"	"Hymenoptera"	"Formicidae"	"SGZUHD"	1	"Formicidae_cluster12"	"6162cce988b5ae6806198f7214eaa260"	"Animalia"	18810
"Formica"	"Arthropoda"	"Insecta"	"Hymenoptera"	"Formicidae"	"SHLY4A"	0	"Formicidae_cluster12"	"6162cce988b5ae6806198f7214eaa260"	"Animalia"	108
"Formica"	"Arthropoda"	"Insecta"	"Hymenoptera"	"Formicidae"	"SK91LD"	1	"Formicidae_cluster12"	"6162cce988b5ae6806198f7214eaa260"	"Animalia"	3702
"Formica"	"Arthropoda"	"Insecta"	"Hymenoptera"	"Formicidae"	"SKA8NJ"	0	"Formicidae_cluster12"	"6162cce988b5ae6806198f7214eaa260"	"Animalia"	190
"Formica"	"Arthropoda"	"Insecta"	"Hymenoptera"	"Formicidae"	"SM6D3B"	1	"Formicidae_cluster12"	"6162cce988b5ae6806198f7214eaa260"	"Animalia"	3725
"Formica"	"Arthropoda"	"Insecta"	"Hymenoptera"	"Formicidae"	"SQ1CGZ"	1	"Formicidae_cluster12"	"6162cce988b5ae6806198f7214eaa260"	"Animalia"	2017
"Formica"	"Arthropoda"	"Insecta"	"Hymenoptera"	"Formicidae"	"SQYDDG"	1	"Formicidae_cluster12"	"6162cce988b5ae6806198f7214eaa260"	"Animalia"	4322
"Formica"	"Arthropoda"	"Insecta"	"Hymenoptera"	"Formicidae"	"SSJSP9"	0	"Formicidae_cluster12"	"6162cce988b5ae6806198f7214eaa260"	"Animalia"	388
"Formica"	"Arthropoda"	"Insecta"	"Hymenoptera"	"Formicidae"	"SSY7BM"	1	"Formicidae_cluster12"	"6162cce988b5ae6806198f7214eaa260"	"Animalia"	13490
"Formica"	"Arthropoda"	"Insecta"	"Hymenoptera"	"Formicidae"	"ST2SCC"	0	"Formicidae_cluster12"	"6162cce988b5ae6806198f7214eaa260"	"Animalia"	295
"Formica"	"Arthropoda"	"Insecta"	"Hymenoptera"	"Formicidae"	"SUNVYF"	1	"Formicidae_cluster12"	"6162cce988b5ae6806198f7214eaa260"	"Animalia"	2859
"Formica"	"Arthropoda"	"Insecta"	"Hymenoptera"	"Formicidae"	"SUTTXP"	0	"Formicidae_cluster12"	"6162cce988b5ae6806198f7214eaa260"	"Animalia"	3988
"Formica"	"Arthropoda"	"Insecta"	"Hymenoptera"	"Formicidae"	"SUXEKB"	0	"Formicidae_cluster12"	"6162cce988b5ae6806198f7214eaa260"	"Animalia"	7348
"Formica"	"Arthropoda"	"Insecta"	"Hymenoptera"	"Formicidae"	"SUXVVU"	1	"Formicidae_cluster12"	"6162cce988b5ae6806198f7214eaa260"	"Animalia"	23738
"Formica"	"Arthropoda"	"Insecta"	"Hymenoptera"	"Formicidae"	"SWKRGL"	1	"Formicidae_cluster12"	"6162cce988b5ae6806198f7214eaa260"	"Animalia"	11837
"Formica"	"Arthropoda"	"Insecta"	"Hymenoptera"	"Formicidae"	"SY34ZS"	0	"Formicidae_cluster12"	"6162cce988b5ae6806198f7214eaa260"	"Animalia"	4110
"Formica"	"Arthropoda"	"Insecta"	"Hymenoptera"	"Formicidae"	"SZCD49"	0	"Formicidae_cluster12"	"6162cce988b5ae6806198f7214eaa260"	"Animalia"	144
"Halesus"	"Arthropoda"	"Insecta"	"Trichoptera"	"Limnephilidae"	"SGZUHD"	1	"Limnephilidae_cluster31"	"3fec1718dfda9263be28d379fa085666"	"Animalia"	6803
"Halyzia"	"Arthropoda"	"Insecta"	"Coleoptera"	"Coccinellidae"	"SNYBEM"	1	"Coccinellidae_cluster14"	"7d610d5e2951b45ea745ee1a9d0e4347"	"Animalia"	32052
"Hydriomena"	"Arthropoda"	"Insecta"	"Lepidoptera"	"Geometridae"	"SUNVYF"	1	"Geometridae_cluster6"	"0e040be0adf285b942ee967a3167729f"	"Animalia"	1049
"Ichneumon"	"Arthropoda"	"Insecta"	"Hymenoptera"	"Ichneumonidae"	"SBWPUY"	1	"Ichneumonidae_cluster176"	"ee8e5c307c719e90cf31bcf26a9c7819"	"Animalia"	2274
"Ichneumon"	"Arthropoda"	"Insecta"	"Hymenoptera"	"Ichneumonidae"	"SCFYMN"	0	"Ichneumonidae_cluster176"	"ee8e5c307c719e90cf31bcf26a9c7819"	"Animalia"	56
"Ichneumon"	"Arthropoda"	"Insecta"	"Hymenoptera"	"Ichneumonidae"	"SDD4G5"	0	"Ichneumonidae_cluster176"	"ee8e5c307c719e90cf31bcf26a9c7819"	"Animalia"	362
"Ichneumon"	"Arthropoda"	"Insecta"	"Hymenoptera"	"Ichneumonidae"	"SHLY4A"	1	"Ichneumonidae_cluster176"	"ee8e5c307c719e90cf31bcf26a9c7819"	"Animalia"	881
"Ichneumon"	"Arthropoda"	"Insecta"	"Hymenoptera"	"Ichneumonidae"	"SKA8NJ"	1	"Ichneumonidae_cluster176"	"ee8e5c307c719e90cf31bcf26a9c7819"	"Animalia"	2875
"Ichneumon"	"Arthropoda"	"Insecta"	"Hymenoptera"	"Ichneumonidae"	"SQYDDG"	1	"Ichneumonidae_cluster176"	"ee8e5c307c719e90cf31bcf26a9c7819"	"Animalia"	765
"Ichneumon"	"Arthropoda"	"Insecta"	"Hymenoptera"	"Ichneumonidae"	"SSJSP9"	0	"Ichneumonidae_cluster176"	"ee8e5c307c719e90cf31bcf26a9c7819"	"Animalia"	29
"Ichneumon"	"Arthropoda"	"Insecta"	"Hymenoptera"	"Ichneumonidae"	"ST2SCC"	0	"Ichneumonidae_cluster176"	"ee8e5c307c719e90cf31bcf26a9c7819"	"Animalia"	426
"Ichneumon"	"Arthropoda"	"Insecta"	"Hymenoptera"	"Ichneumonidae"	"SUNVYF"	0	"Ichneumonidae_cluster176"	"ee8e5c307c719e90cf31bcf26a9c7819"	"Animalia"	187
"Ichneumon"	"Arthropoda"	"Insecta"	"Hymenoptera"	"Ichneumonidae"	"SUTTXP"	0	"Ichneumonidae_cluster176"	"ee8e5c307c719e90cf31bcf26a9c7819"	"Animalia"	792
"Ichneumon"	"Arthropoda"	"Insecta"	"Hymenoptera"	"Ichneumonidae"	"SY34ZS"	1	"Ichneumonidae_cluster176"	"ee8e5c307c719e90cf31bcf26a9c7819"	"Animalia"	2571
"Incurvaria"	"Arthropoda"	"Insecta"	"Lepidoptera"	"Incurvariidae"	"SM6D3B"	1	"Incurvariidae_cluster1"	"ba19ed2d5b71a24f5d06fa5fbb16d15c"	"Animalia"	425
"Incurvaria"	"Arthropoda"	"Insecta"	"Lepidoptera"	"Incurvariidae"	"SQYDDG"	0	"Incurvariidae_cluster1"	"ba19ed2d5b71a24f5d06fa5fbb16d15c"	"Animalia"	1111
"Leuctra"	"Arthropoda"	"Insecta"	"Plecoptera"	"Leuctridae"	"SGZUHD"	1	"Leuctridae_cluster3"	"0abd1a6d3705db0c7620d27c2869b2a1"	"Animalia"	15451
"Limnephilus"	"Arthropoda"	"Insecta"	"Trichoptera"	"Limnephilidae"	"SCECHR"	0	"Limnephilidae_cluster10"	"ea7693c9e860a6e735e55ca438c5f735"	"Animalia"	220
"Limnephilus"	"Arthropoda"	"Insecta"	"Trichoptera"	"Limnephilidae"	"SGZUHD"	1	"Limnephilidae_cluster10"	"ea7693c9e860a6e735e55ca438c5f735"	"Animalia"	9678
"Limnephilus"	"Arthropoda"	"Insecta"	"Trichoptera"	"Limnephilidae"	"SM6D3B"	1	"Limnephilidae_cluster10"	"ea7693c9e860a6e735e55ca438c5f735"	"Animalia"	5407
"Limnephilus"	"Arthropoda"	"Insecta"	"Trichoptera"	"Limnephilidae"	"SQ1CGZ"	0	"Limnephilidae_cluster10"	"ea7693c9e860a6e735e55ca438c5f735"	"Animalia"	192
"Limnephilus"	"Arthropoda"	"Insecta"	"Trichoptera"	"Limnephilidae"	"SZCD49"	1	"Limnephilidae_cluster10"	"ea7693c9e860a6e735e55ca438c5f735"	"Animalia"	1239
"Lucilia"	"Arthropoda"	"Insecta"	"Diptera"	"Calliphoridae"	"SKA8NJ"	0	"Calliphoridae_cluster10"	"00ffeab84c91d65cdc91a4a5033fb513"	"Animalia"	5016
"Lucilia"	"Arthropoda"	"Insecta"	"Diptera"	"Calliphoridae"	"SQYDDG"	0	"Calliphoridae_cluster10"	"00ffeab84c91d65cdc91a4a5033fb513"	"Animalia"	15515
"Lucilia"	"Arthropoda"	"Insecta"	"Diptera"	"Calliphoridae"	"SUTTXP"	1	"Calliphoridae_cluster10"	"00ffeab84c91d65cdc91a4a5033fb513"	"Animalia"	13957
"Lycaena"	"Arthropoda"	"Insecta"	"Lepidoptera"	"Lycaenidae"	"SQ1CGZ"	1	"Lycaenidae_cluster8"	"310bd0d75f209cfa8b946ae74a434603"	"Animalia"	578
"Maniola"	"Arthropoda"	"Insecta"	"Lepidoptera"	"Nymphalidae"	"SKA8NJ"	1	"Nymphalidae_cluster12"	"e91599c66a78bb430e8ed335f7fb57dc"	"Animalia"	1659
"Melanostoma"	"Arthropoda"	"Insecta"	"Diptera"	"Syrphidae"	"SK91LD"	0	"Syrphidae_cluster7"	"e812659db8ce6915fc55b79d6ffd3cc6"	"Animalia"	920
"Melanostoma"	"Arthropoda"	"Insecta"	"Diptera"	"Syrphidae"	"SKA8NJ"	1	"Syrphidae_cluster7"	"e812659db8ce6915fc55b79d6ffd3cc6"	"Animalia"	15294
"Melanostoma"	"Arthropoda"	"Insecta"	"Diptera"	"Syrphidae"	"SQ1CGZ"	0	"Syrphidae_cluster7"	"e812659db8ce6915fc55b79d6ffd3cc6"	"Animalia"	245
"Melanostoma"	"Arthropoda"	"Insecta"	"Diptera"	"Syrphidae"	"SQYDDG"	1	"Syrphidae_cluster7"	"e812659db8ce6915fc55b79d6ffd3cc6"	"Animalia"	4767
"Melanostoma"	"Arthropoda"	"Insecta"	"Diptera"	"Syrphidae"	"SUNVYF"	0	"Syrphidae_cluster7"	"e812659db8ce6915fc55b79d6ffd3cc6"	"Animalia"	395
"Myathropa"	"Arthropoda"	"Insecta"	"Diptera"	"Syrphidae"	"SDD4G5"	1	"Syrphidae_cluster52"	"518f1f57c84bb54c8a24d49871a7a9e1"	"Animalia"	13376
"Mythimna"	"Arthropoda"	"Insecta"	"Lepidoptera"	"Noctuidae"	"SDD4G5"	1	"Noctuidae_cluster52"	"d53c9869c64100d7d9842998197887ed"	"Animalia"	25643
"Mythimna"	"Arthropoda"	"Insecta"	"Lepidoptera"	"Noctuidae"	"SQYDDG"	1	"Noctuidae_cluster52"	"d53c9869c64100d7d9842998197887ed"	"Animalia"	17848
"Nemoura"	"Arthropoda"	"Insecta"	"Plecoptera"	"Nemouridae"	"SHLY4A"	1	"Nemouridae_cluster1"	"8323fe8ff3e756ce2786f028faf049e5"	"Animalia"	31887
"Nemoura"	"Arthropoda"	"Insecta"	"Plecoptera"	"Nemouridae"	"SKA8NJ"	0	"Nemouridae_cluster1"	"8323fe8ff3e756ce2786f028faf049e5"	"Animalia"	6923
"Nemoura"	"Arthropoda"	"Insecta"	"Plecoptera"	"Nemouridae"	"SZCD49"	1	"Nemouridae_cluster1"	"8323fe8ff3e756ce2786f028faf049e5"	"Animalia"	36838
"Nemurella"	"Arthropoda"	"Insecta"	"Plecoptera"	"Nemouridae"	"SCECHR"	1	"Nemouridae_cluster2"	"3ce02c25d5531b34938deee76e4b95b5"	"Animalia"	2374
"Nemurella"	"Arthropoda"	"Insecta"	"Plecoptera"	"Nemouridae"	"SZCD49"	0	"Nemouridae_cluster2"	"3ce02c25d5531b34938deee76e4b95b5"	"Animalia"	627
"Neoitamus"	"Arthropoda"	"Insecta"	"Diptera"	"Asilidae"	"SFKMCD"	1	"Asilidae_cluster3"	"dfa746581f9274507a9e4e75e5e96521"	"Animalia"	4033
"Neoitamus"	"Arthropoda"	"Insecta"	"Diptera"	"Asilidae"	"SHLY4A"	0	"Asilidae_cluster3"	"dfa746581f9274507a9e4e75e5e96521"	"Animalia"	6868
"Neoitamus"	"Arthropoda"	"Insecta"	"Diptera"	"Asilidae"	"SSY7BM"	1	"Asilidae_cluster3"	"dfa746581f9274507a9e4e75e5e96521"	"Animalia"	45338
"Neoitamus"	"Arthropoda"	"Insecta"	"Diptera"	"Asilidae"	"SUNVYF"	1	"Asilidae_cluster3"	"dfa746581f9274507a9e4e75e5e96521"	"Animalia"	51267
"Nephrocerus"	"Arthropoda"	"Insecta"	"Diptera"	"Pipunculidae"	"SQ1CGZ"	0	"Pipunculidae_cluster2"	"933d851663a36d63c7fac7a724e66745"	"Animalia"	472
"Nephrocerus"	"Arthropoda"	"Insecta"	"Diptera"	"Pipunculidae"	"SUNVYF"	1	"Pipunculidae_cluster2"	"933d851663a36d63c7fac7a724e66745"	"Animalia"	839
"Nephrotoma"	"Arthropoda"	"Insecta"	"Diptera"	"Tipulidae"	"SDD4G5"	1	"Tipulidae_cluster11"	"5ddf84346ad591678446e845170274ee"	"Animalia"	18328
"Nephrotoma"	"Arthropoda"	"Insecta"	"Diptera"	"Tipulidae"	"SM6D3B"	1	"Tipulidae_cluster11"	"5ddf84346ad591678446e845170274ee"	"Animalia"	1373
"Nephrotoma"	"Arthropoda"	"Insecta"	"Diptera"	"Tipulidae"	"SQYDDG"	1	"Tipulidae_cluster11"	"5ddf84346ad591678446e845170274ee"	"Animalia"	3871
"Nephrotoma"	"Arthropoda"	"Insecta"	"Diptera"	"Tipulidae"	"SUXVVU"	1	"Tipulidae_cluster11"	"5ddf84346ad591678446e845170274ee"	"Animalia"	19795
"Netelia"	"Arthropoda"	"Insecta"	"Hymenoptera"	"Ichneumonidae"	"SDD4G5"	1	"Ichneumonidae_cluster139"	"76211f5d9f1ef908924798ee4e45f628"	"Animalia"	5031
"Netelia"	"Arthropoda"	"Insecta"	"Hymenoptera"	"Ichneumonidae"	"SK91LD"	0	"Ichneumonidae_cluster139"	"76211f5d9f1ef908924798ee4e45f628"	"Animalia"	1367
"Netelia"	"Arthropoda"	"Insecta"	"Hymenoptera"	"Ichneumonidae"	"SQ1CGZ"	0	"Ichneumonidae_cluster139"	"76211f5d9f1ef908924798ee4e45f628"	"Animalia"	283
"Netelia"	"Arthropoda"	"Insecta"	"Hymenoptera"	"Ichneumonidae"	"SQYDDG"	1	"Ichneumonidae_cluster139"	"76211f5d9f1ef908924798ee4e45f628"	"Animalia"	14993
"Netelia"	"Arthropoda"	"Insecta"	"Hymenoptera"	"Ichneumonidae"	"ST2SCC"	1	"Ichneumonidae_cluster139"	"76211f5d9f1ef908924798ee4e45f628"	"Animalia"	1351
"Noctua"	"Arthropoda"	"Insecta"	"Lepidoptera"	"Noctuidae"	"ST2SCC"	1	"Noctuidae_cluster24"	"450b8a6cba5d579a85fb747dd5f6bd58"	"Animalia"	33015
"Notocelia"	"Arthropoda"	"Insecta"	"Lepidoptera"	"Tortricidae"	"SQYDDG"	1	"Tortricidae_cluster28"	"cc860c00e4e9c8a1ffec2c7ca0719498"	"Animalia"	4745
"Notocelia"	"Arthropoda"	"Insecta"	"Lepidoptera"	"Tortricidae"	"SSY7BM"	0	"Tortricidae_cluster28"	"cc860c00e4e9c8a1ffec2c7ca0719498"	"Animalia"	4631
"Oligia"	"Arthropoda"	"Insecta"	"Lepidoptera"	"Noctuidae"	"SDD4G5"	1	"Noctuidae_cluster3"	"90352a23823b0cefaf230c752162c465"	"Animalia"	16601
"Oligia"	"Arthropoda"	"Insecta"	"Lepidoptera"	"Noctuidae"	"SFKMCD"	0	"Noctuidae_cluster3"	"90352a23823b0cefaf230c752162c465"	"Animalia"	1202
"Oligia"	"Arthropoda"	"Insecta"	"Lepidoptera"	"Noctuidae"	"SQYDDG"	1	"Noctuidae_cluster3"	"90352a23823b0cefaf230c752162c465"	"Animalia"	13069
"Ophion"	"Arthropoda"	"Insecta"	"Hymenoptera"	"Ichneumonidae"	"SCNXZK"	1	"Ichneumonidae_cluster220"	"9d66075a58a89ae908a85f183dc90a61"	"Animalia"	12402
"Ophion"	"Arthropoda"	"Insecta"	"Hymenoptera"	"Ichneumonidae"	"STHFJP"	1	"Ichneumonidae_cluster220"	"9d66075a58a89ae908a85f183dc90a61"	"Animalia"	5333
"Ophion"	"Arthropoda"	"Insecta"	"Hymenoptera"	"Ichneumonidae"	"SUTTXP"	1	"Ichneumonidae_cluster220"	"9d66075a58a89ae908a85f183dc90a61"	"Animalia"	584
"Ophion"	"Arthropoda"	"Insecta"	"Hymenoptera"	"Ichneumonidae"	"SZNYJX"	1	"Ichneumonidae_cluster220"	"9d66075a58a89ae908a85f183dc90a61"	"Animalia"	2349
"Orchesella"	"Arthropoda"	"Collembola"	"Entomobryomorpha"	"Orchesellidae"	"S8APX1"	0	"Orchesellidae_cluster1"	"0bdd35046dfc9a64ede82de8dbd86bf6"	"Animalia"	18212
"Orchesella"	"Arthropoda"	"Collembola"	"Entomobryomorpha"	"Orchesellidae"	"SACBBR"	0	"Orchesellidae_cluster1"	"0bdd35046dfc9a64ede82de8dbd86bf6"	"Animalia"	8494
"Orchesella"	"Arthropoda"	"Collembola"	"Entomobryomorpha"	"Orchesellidae"	"SCFYMN"	0	"Orchesellidae_cluster1"	"0bdd35046dfc9a64ede82de8dbd86bf6"	"Animalia"	547
"Orchesella"	"Arthropoda"	"Collembola"	"Entomobryomorpha"	"Orchesellidae"	"SDD4G5"	1	"Orchesellidae_cluster1"	"0bdd35046dfc9a64ede82de8dbd86bf6"	"Animalia"	226
"Orchesella"	"Arthropoda"	"Collembola"	"Entomobryomorpha"	"Orchesellidae"	"SK91LD"	0	"Orchesellidae_cluster1"	"0bdd35046dfc9a64ede82de8dbd86bf6"	"Animalia"	7283
"Orchesella"	"Arthropoda"	"Collembola"	"Entomobryomorpha"	"Orchesellidae"	"SLWUQ2"	0	"Orchesellidae_cluster1"	"0bdd35046dfc9a64ede82de8dbd86bf6"	"Animalia"	937
"Orchesella"	"Arthropoda"	"Collembola"	"Entomobryomorpha"	"Orchesellidae"	"SQYDDG"	1	"Orchesellidae_cluster1"	"0bdd35046dfc9a64ede82de8dbd86bf6"	"Animalia"	7110
"Orchesella"	"Arthropoda"	"Collembola"	"Entomobryomorpha"	"Orchesellidae"	"SSJSP9"	1	"Orchesellidae_cluster1"	"0bdd35046dfc9a64ede82de8dbd86bf6"	"Animalia"	12399
"Orchesella"	"Arthropoda"	"Collembola"	"Entomobryomorpha"	"Orchesellidae"	"SSY7BM"	1	"Orchesellidae_cluster1"	"0bdd35046dfc9a64ede82de8dbd86bf6"	"Animalia"	4452
"Orchesella"	"Arthropoda"	"Collembola"	"Entomobryomorpha"	"Orchesellidae"	"SZNYJX"	0	"Orchesellidae_cluster1"	"0bdd35046dfc9a64ede82de8dbd86bf6"	"Animalia"	598
"Pararge"	"Arthropoda"	"Insecta"	"Lepidoptera"	"Nymphalidae"	"SM6D3B"	0	"Nymphalidae_cluster2"	"42cb547e68571d92ad488b692a108b3a"	"Animalia"	4968
"Pararge"	"Arthropoda"	"Insecta"	"Lepidoptera"	"Nymphalidae"	"SUTTXP"	1	"Nymphalidae_cluster2"	"42cb547e68571d92ad488b692a108b3a"	"Animalia"	1975
"Paykullia"	"Arthropoda"	"Insecta"	"Diptera"	"Rhinophoridae"	"SDD4G5"	1	"Rhinophoridae_cluster5"	"1926315dfcf118ad2728e3d53403e055"	"Animalia"	2315
"Paykullia"	"Arthropoda"	"Insecta"	"Diptera"	"Rhinophoridae"	"SQYDDG"	0	"Rhinophoridae_cluster5"	"1926315dfcf118ad2728e3d53403e055"	"Animalia"	1603
"Paykullia"	"Arthropoda"	"Insecta"	"Diptera"	"Rhinophoridae"	"ST2SCC"	1	"Rhinophoridae_cluster5"	"1926315dfcf118ad2728e3d53403e055"	"Animalia"	5434
"Pemphredon"	"Arthropoda"	"Insecta"	"Hymenoptera"	"Crabronidae"	"S6TGBG"	1	"Crabronidae_cluster23"	"742d06ffe1890d13807b78afb58b3dca"	"Animalia"	14
"Pemphredon"	"Arthropoda"	"Insecta"	"Hymenoptera"	"Crabronidae"	"SFKMCD"	0	"Crabronidae_cluster23"	"742d06ffe1890d13807b78afb58b3dca"	"Animalia"	49
"Pemphredon"	"Arthropoda"	"Insecta"	"Hymenoptera"	"Crabronidae"	"SKA8NJ"	0	"Crabronidae_cluster23"	"742d06ffe1890d13807b78afb58b3dca"	"Animalia"	65
"Pemphredon"	"Arthropoda"	"Insecta"	"Hymenoptera"	"Crabronidae"	"SQYDDG"	1	"Crabronidae_cluster23"	"742d06ffe1890d13807b78afb58b3dca"	"Animalia"	111
"Pemphredon"	"Arthropoda"	"Insecta"	"Hymenoptera"	"Crabronidae"	"SSY7BM"	1	"Crabronidae_cluster23"	"742d06ffe1890d13807b78afb58b3dca"	"Animalia"	591
"Pemphredon"	"Arthropoda"	"Insecta"	"Hymenoptera"	"Crabronidae"	"SZCD49"	0	"Crabronidae_cluster23"	"742d06ffe1890d13807b78afb58b3dca"	"Animalia"	7
"Philaenus"	"Arthropoda"	"Insecta"	"Hemiptera"	"Aphrophoridae"	"SHLY4A"	1	"Aphrophoridae_cluster1"	"1d51dc7258ee5af11dc556a08706dc35"	"Animalia"	881
"Philaenus"	"Arthropoda"	"Insecta"	"Hemiptera"	"Aphrophoridae"	"SK91LD"	1	"Aphrophoridae_cluster1"	"1d51dc7258ee5af11dc556a08706dc35"	"Animalia"	3775
"Pieris"	"Arthropoda"	"Insecta"	"Lepidoptera"	"Pieridae"	"SKA8NJ"	1	"Pieridae_cluster4"	"ab817258e895263198e65f1f90f8ae8e"	"Animalia"	1097
"Platycheirus"	"Arthropoda"	"Insecta"	"Diptera"	"Syrphidae"	"SFKMCD"	0	"Syrphidae_cluster119"	"a21d1d780c4b3d35e60ecfd6dca13cba"	"Animalia"	438
"Platycheirus"	"Arthropoda"	"Insecta"	"Diptera"	"Syrphidae"	"SHLY4A"	0	"Syrphidae_cluster119"	"a21d1d780c4b3d35e60ecfd6dca13cba"	"Animalia"	302
"Platycheirus"	"Arthropoda"	"Insecta"	"Diptera"	"Syrphidae"	"SKA8NJ"	0	"Syrphidae_cluster119"	"a21d1d780c4b3d35e60ecfd6dca13cba"	"Animalia"	2048
"Platycheirus"	"Arthropoda"	"Insecta"	"Diptera"	"Syrphidae"	"SM6D3B"	0	"Syrphidae_cluster119"	"a21d1d780c4b3d35e60ecfd6dca13cba"	"Animalia"	937
"Platycheirus"	"Arthropoda"	"Insecta"	"Diptera"	"Syrphidae"	"SQ1CGZ"	0	"Syrphidae_cluster119"	"a21d1d780c4b3d35e60ecfd6dca13cba"	"Animalia"	159
"Platycheirus"	"Arthropoda"	"Insecta"	"Diptera"	"Syrphidae"	"SUTTXP"	1	"Syrphidae_cluster119"	"a21d1d780c4b3d35e60ecfd6dca13cba"	"Animalia"	1704
"Platycheirus"	"Arthropoda"	"Insecta"	"Diptera"	"Syrphidae"	"SZCD49"	0	"Syrphidae_cluster119"	"a21d1d780c4b3d35e60ecfd6dca13cba"	"Animalia"	378
"Plectrocnemia"	"Arthropoda"	"Insecta"	"Trichoptera"	"Polycentropodidae"	"SSJSP9"	1	"Polycentropodidae_cluster1"	"88aa2fa878284ed2d69ce55d730f79cb"	"Animalia"	278
"Plectrocnemia"	"Arthropoda"	"Insecta"	"Trichoptera"	"Polycentropodidae"	"SZCD49"	1	"Polycentropodidae_cluster1"	"88aa2fa878284ed2d69ce55d730f79cb"	"Animalia"	20
"Plutella"	"Arthropoda"	"Insecta"	"Lepidoptera"	"Plutellidae"	"SASQEH"	0	"Plutellidae_cluster1"	"087f44176622633b011d54a72c4c9a4f"	"Animalia"	79
"Plutella"	"Arthropoda"	"Insecta"	"Lepidoptera"	"Plutellidae"	"SCFYMN"	0	"Plutellidae_cluster1"	"087f44176622633b011d54a72c4c9a4f"	"Animalia"	238
"Plutella"	"Arthropoda"	"Insecta"	"Lepidoptera"	"Plutellidae"	"SDD4G5"	1	"Plutellidae_cluster1"	"087f44176622633b011d54a72c4c9a4f"	"Animalia"	2109
"Plutella"	"Arthropoda"	"Insecta"	"Lepidoptera"	"Plutellidae"	"SFKMCD"	0	"Plutellidae_cluster1"	"087f44176622633b011d54a72c4c9a4f"	"Animalia"	104
"Plutella"	"Arthropoda"	"Insecta"	"Lepidoptera"	"Plutellidae"	"SKA8NJ"	0	"Plutellidae_cluster1"	"087f44176622633b011d54a72c4c9a4f"	"Animalia"	288
"Plutella"	"Arthropoda"	"Insecta"	"Lepidoptera"	"Plutellidae"	"SKVHMG"	1	"Plutellidae_cluster1"	"087f44176622633b011d54a72c4c9a4f"	"Animalia"	1132
"Plutella"	"Arthropoda"	"Insecta"	"Lepidoptera"	"Plutellidae"	"SM6D3B"	1	"Plutellidae_cluster1"	"087f44176622633b011d54a72c4c9a4f"	"Animalia"	723
"Plutella"	"Arthropoda"	"Insecta"	"Lepidoptera"	"Plutellidae"	"SQ1CGZ"	0	"Plutellidae_cluster1"	"087f44176622633b011d54a72c4c9a4f"	"Animalia"	2794
"Plutella"	"Arthropoda"	"Insecta"	"Lepidoptera"	"Plutellidae"	"SQYDDG"	1	"Plutellidae_cluster1"	"087f44176622633b011d54a72c4c9a4f"	"Animalia"	2949
"Plutella"	"Arthropoda"	"Insecta"	"Lepidoptera"	"Plutellidae"	"SSY7BM"	0	"Plutellidae_cluster1"	"087f44176622633b011d54a72c4c9a4f"	"Animalia"	966
"Plutella"	"Arthropoda"	"Insecta"	"Lepidoptera"	"Plutellidae"	"ST2SCC"	0	"Plutellidae_cluster1"	"087f44176622633b011d54a72c4c9a4f"	"Animalia"	480
"Plutella"	"Arthropoda"	"Insecta"	"Lepidoptera"	"Plutellidae"	"SUTTXP"	1	"Plutellidae_cluster1"	"087f44176622633b011d54a72c4c9a4f"	"Animalia"	4689
"Plutella"	"Arthropoda"	"Insecta"	"Lepidoptera"	"Plutellidae"	"SUXVVU"	1	"Plutellidae_cluster1"	"087f44176622633b011d54a72c4c9a4f"	"Animalia"	53272
"Polietes"	"Arthropoda"	"Insecta"	"Diptera"	"Muscidae"	"SK91LD"	0	"Muscidae_cluster28"	"283789fc5df13346b7471097d52ec08f"	"Animalia"	8607
"Polietes"	"Arthropoda"	"Insecta"	"Diptera"	"Muscidae"	"SM6D3B"	0	"Muscidae_cluster28"	"283789fc5df13346b7471097d52ec08f"	"Animalia"	13650
"Polietes"	"Arthropoda"	"Insecta"	"Diptera"	"Muscidae"	"SQ1CGZ"	0	"Muscidae_cluster28"	"283789fc5df13346b7471097d52ec08f"	"Animalia"	194
"Polietes"	"Arthropoda"	"Insecta"	"Diptera"	"Muscidae"	"SSJSP9"	0	"Muscidae_cluster28"	"283789fc5df13346b7471097d52ec08f"	"Animalia"	7578
"Pollenia"	"Arthropoda"	"Insecta"	"Diptera"	"Polleniidae"	"S5MEZA"	1	"Polleniidae_cluster1"	"c985f47e2cda6cf87c766156110fef0e"	"Animalia"	177191
"Pollenia"	"Arthropoda"	"Insecta"	"Diptera"	"Polleniidae"	"S8APX1"	0	"Polleniidae_cluster1"	"c985f47e2cda6cf87c766156110fef0e"	"Animalia"	438298
"Pollenia"	"Arthropoda"	"Insecta"	"Diptera"	"Polleniidae"	"SACBBR"	1	"Polleniidae_cluster1"	"c985f47e2cda6cf87c766156110fef0e"	"Animalia"	36851
"Pollenia"	"Arthropoda"	"Insecta"	"Diptera"	"Polleniidae"	"SBWPUY"	1	"Polleniidae_cluster1"	"c985f47e2cda6cf87c766156110fef0e"	"Animalia"	42449
"Pollenia"	"Arthropoda"	"Insecta"	"Diptera"	"Polleniidae"	"SC1YIM"	1	"Polleniidae_cluster1"	"c985f47e2cda6cf87c766156110fef0e"	"Animalia"	166228
"Pollenia"	"Arthropoda"	"Insecta"	"Diptera"	"Polleniidae"	"SCFYMN"	1	"Polleniidae_cluster1"	"c985f47e2cda6cf87c766156110fef0e"	"Animalia"	63620
"Pollenia"	"Arthropoda"	"Insecta"	"Diptera"	"Polleniidae"	"SCNXZK"	1	"Polleniidae_cluster1"	"c985f47e2cda6cf87c766156110fef0e"	"Animalia"	20835
"Pollenia"	"Arthropoda"	"Insecta"	"Diptera"	"Polleniidae"	"SDD4G5"	1	"Polleniidae_cluster1"	"c985f47e2cda6cf87c766156110fef0e"	"Animalia"	1383
"Pollenia"	"Arthropoda"	"Insecta"	"Diptera"	"Polleniidae"	"SIRUBH"	1	"Polleniidae_cluster1"	"c985f47e2cda6cf87c766156110fef0e"	"Animalia"	54822
"Pollenia"	"Arthropoda"	"Insecta"	"Diptera"	"Polleniidae"	"SKA8NJ"	1	"Polleniidae_cluster1"	"c985f47e2cda6cf87c766156110fef0e"	"Animalia"	891
"Pollenia"	"Arthropoda"	"Insecta"	"Diptera"	"Polleniidae"	"SKYQAL"	1	"Polleniidae_cluster1"	"c985f47e2cda6cf87c766156110fef0e"	"Animalia"	54334
"Pollenia"	"Arthropoda"	"Insecta"	"Diptera"	"Polleniidae"	"SLWUQ2"	1	"Polleniidae_cluster1"	"c985f47e2cda6cf87c766156110fef0e"	"Animalia"	114922
"Pollenia"	"Arthropoda"	"Insecta"	"Diptera"	"Polleniidae"	"SQ1CGZ"	0	"Polleniidae_cluster1"	"c985f47e2cda6cf87c766156110fef0e"	"Animalia"	451
"Pollenia"	"Arthropoda"	"Insecta"	"Diptera"	"Polleniidae"	"SQQBCH"	1	"Polleniidae_cluster1"	"c985f47e2cda6cf87c766156110fef0e"	"Animalia"	328399
"Pollenia"	"Arthropoda"	"Insecta"	"Diptera"	"Polleniidae"	"SQVR9H"	1	"Polleniidae_cluster1"	"c985f47e2cda6cf87c766156110fef0e"	"Animalia"	77633
"Pollenia"	"Arthropoda"	"Insecta"	"Diptera"	"Polleniidae"	"ST2SCC"	1	"Polleniidae_cluster1"	"c985f47e2cda6cf87c766156110fef0e"	"Animalia"	4576
"Pollenia"	"Arthropoda"	"Insecta"	"Diptera"	"Polleniidae"	"STHFJP"	1	"Polleniidae_cluster1"	"c985f47e2cda6cf87c766156110fef0e"	"Animalia"	279784
"Pollenia"	"Arthropoda"	"Insecta"	"Diptera"	"Polleniidae"	"SUTTXP"	0	"Polleniidae_cluster1"	"c985f47e2cda6cf87c766156110fef0e"	"Animalia"	16
"Pollenia"	"Arthropoda"	"Insecta"	"Diptera"	"Polleniidae"	"SUXEKB"	1	"Polleniidae_cluster1"	"c985f47e2cda6cf87c766156110fef0e"	"Animalia"	86534
"Pollenia"	"Arthropoda"	"Insecta"	"Diptera"	"Polleniidae"	"SWKRGL"	0	"Polleniidae_cluster1"	"c985f47e2cda6cf87c766156110fef0e"	"Animalia"	147268
"Pollenia"	"Arthropoda"	"Insecta"	"Diptera"	"Polleniidae"	"SY34ZS"	1	"Polleniidae_cluster1"	"c985f47e2cda6cf87c766156110fef0e"	"Animalia"	137688
"Pollenia"	"Arthropoda"	"Insecta"	"Diptera"	"Polleniidae"	"SZNYJX"	1	"Polleniidae_cluster1"	"c985f47e2cda6cf87c766156110fef0e"	"Animalia"	55122
"Polydrusus"	"Arthropoda"	"Insecta"	"Coleoptera"	"Curculionidae"	"S6TGBG"	0	"Curculionidae_cluster15"	"8623b82a8719f5d23b7d0fdebde228e3"	"Animalia"	118
"Polydrusus"	"Arthropoda"	"Insecta"	"Coleoptera"	"Curculionidae"	"SBWPUY"	0	"Curculionidae_cluster15"	"8623b82a8719f5d23b7d0fdebde228e3"	"Animalia"	7712
"Polydrusus"	"Arthropoda"	"Insecta"	"Coleoptera"	"Curculionidae"	"SFKMCD"	1	"Curculionidae_cluster15"	"8623b82a8719f5d23b7d0fdebde228e3"	"Animalia"	387
"Polydrusus"	"Arthropoda"	"Insecta"	"Coleoptera"	"Curculionidae"	"SHLY4A"	0	"Curculionidae_cluster15"	"8623b82a8719f5d23b7d0fdebde228e3"	"Animalia"	3801
"Polydrusus"	"Arthropoda"	"Insecta"	"Coleoptera"	"Curculionidae"	"SK91LD"	0	"Curculionidae_cluster15"	"8623b82a8719f5d23b7d0fdebde228e3"	"Animalia"	2743
"Polydrusus"	"Arthropoda"	"Insecta"	"Coleoptera"	"Curculionidae"	"SKYQAL"	0	"Curculionidae_cluster15"	"8623b82a8719f5d23b7d0fdebde228e3"	"Animalia"	2284
"Polydrusus"	"Arthropoda"	"Insecta"	"Coleoptera"	"Curculionidae"	"SQ1CGZ"	1	"Curculionidae_cluster15"	"8623b82a8719f5d23b7d0fdebde228e3"	"Animalia"	108
"Polydrusus"	"Arthropoda"	"Insecta"	"Coleoptera"	"Curculionidae"	"SUNVYF"	0	"Curculionidae_cluster15"	"8623b82a8719f5d23b7d0fdebde228e3"	"Animalia"	1532
"Polydrusus"	"Arthropoda"	"Insecta"	"Coleoptera"	"Curculionidae"	"SUXEKB"	0	"Curculionidae_cluster15"	"8623b82a8719f5d23b7d0fdebde228e3"	"Animalia"	3171
"Polydrusus"	"Arthropoda"	"Insecta"	"Coleoptera"	"Curculionidae"	"SZCD49"	0	"Curculionidae_cluster15"	"8623b82a8719f5d23b7d0fdebde228e3"	"Animalia"	1276
"Propylaea"	"Arthropoda"	"Insecta"	"Coleoptera"	"Coccinellidae"	"SFKMCD"	0	"Coccinellidae_cluster4"	"096620fa592a80615ba19b8f533688b0"	"Animalia"	76
"Propylaea"	"Arthropoda"	"Insecta"	"Coleoptera"	"Coccinellidae"	"SKA8NJ"	1	"Coccinellidae_cluster4"	"096620fa592a80615ba19b8f533688b0"	"Animalia"	905
"Protocalliphora"	"Arthropoda"	"Insecta"	"Diptera"	"Calliphoridae"	"SCFYMN"	1	"Calliphoridae_cluster3"	"1ed6309a70b1f4ed45a000db04783491"	"Animalia"	4252
"Protocalliphora"	"Arthropoda"	"Insecta"	"Diptera"	"Calliphoridae"	"SLWUQ2"	1	"Calliphoridae_cluster3"	"1ed6309a70b1f4ed45a000db04783491"	"Animalia"	11396
"Protocalliphora"	"Arthropoda"	"Insecta"	"Diptera"	"Calliphoridae"	"SZCD49"	1	"Calliphoridae_cluster3"	"1ed6309a70b1f4ed45a000db04783491"	"Animalia"	9216
"Rhagonycha"	"Arthropoda"	"Insecta"	"Coleoptera"	"Cantharidae"	"S6TGBG"	1	"Cantharidae_cluster1"	"a5e7c8c5ff6bdc7b320e330d67d269ea"	"Animalia"	3969
"Rhagonycha"	"Arthropoda"	"Insecta"	"Coleoptera"	"Cantharidae"	"SFKMCD"	0	"Cantharidae_cluster1"	"a5e7c8c5ff6bdc7b320e330d67d269ea"	"Animalia"	1808
"Rhagonycha"	"Arthropoda"	"Insecta"	"Coleoptera"	"Cantharidae"	"SKA8NJ"	1	"Cantharidae_cluster1"	"a5e7c8c5ff6bdc7b320e330d67d269ea"	"Animalia"	9287
"Rhagonycha"	"Arthropoda"	"Insecta"	"Coleoptera"	"Cantharidae"	"SQ1CGZ"	0	"Cantharidae_cluster1"	"a5e7c8c5ff6bdc7b320e330d67d269ea"	"Animalia"	2545
"Rhagonycha"	"Arthropoda"	"Insecta"	"Coleoptera"	"Cantharidae"	"SSJSP9"	0	"Cantharidae_cluster1"	"a5e7c8c5ff6bdc7b320e330d67d269ea"	"Animalia"	137
"Rhagonycha"	"Arthropoda"	"Insecta"	"Coleoptera"	"Cantharidae"	"ST2SCC"	1	"Cantharidae_cluster1"	"a5e7c8c5ff6bdc7b320e330d67d269ea"	"Animalia"	3189
"Rhagonycha"	"Arthropoda"	"Insecta"	"Coleoptera"	"Cantharidae"	"SUTTXP"	0	"Cantharidae_cluster1"	"a5e7c8c5ff6bdc7b320e330d67d269ea"	"Animalia"	15947
"Rhagonycha"	"Arthropoda"	"Insecta"	"Coleoptera"	"Cantharidae"	"SUXVVU"	0	"Cantharidae_cluster1"	"a5e7c8c5ff6bdc7b320e330d67d269ea"	"Animalia"	2742
"Rhagonycha"	"Arthropoda"	"Insecta"	"Coleoptera"	"Cantharidae"	"SZCD49"	0	"Cantharidae_cluster1"	"a5e7c8c5ff6bdc7b320e330d67d269ea"	"Animalia"	65
"Rhingia"	"Arthropoda"	"Insecta"	"Diptera"	"Syrphidae"	"S6TGBG"	1	"Syrphidae_cluster99"	"e0eeb9d6af852dfd2321f0669cc40948"	"Animalia"	5196
"Rhingia"	"Arthropoda"	"Insecta"	"Diptera"	"Syrphidae"	"SK91LD"	1	"Syrphidae_cluster99"	"e0eeb9d6af852dfd2321f0669cc40948"	"Animalia"	4169
"Rhogogaster"	"Arthropoda"	"Insecta"	"Hymenoptera"	"Tenthredinidae"	"SUTTXP"	1	"Tenthredinidae_cluster12"	"2487ef71677abdf29141ad5aad9bf2f5"	"Animalia"	8552
"Sarcophaga"	"Arthropoda"	"Insecta"	"Diptera"	"Sarcophagidae"	"S6TGBG"	1	"Sarcophagidae_cluster1"	"2f1d3111d1d4bd76127a41017e0c7674"	"Animalia"	7133
"Sarcophaga"	"Arthropoda"	"Insecta"	"Diptera"	"Sarcophagidae"	"SCFYMN"	1	"Sarcophagidae_cluster1"	"2f1d3111d1d4bd76127a41017e0c7674"	"Animalia"	40269
"Sarcophaga"	"Arthropoda"	"Insecta"	"Diptera"	"Sarcophagidae"	"SDD4G5"	1	"Sarcophagidae_cluster1"	"2f1d3111d1d4bd76127a41017e0c7674"	"Animalia"	32517
"Sarcophaga"	"Arthropoda"	"Insecta"	"Diptera"	"Sarcophagidae"	"SFKMCD"	0	"Sarcophagidae_cluster1"	"2f1d3111d1d4bd76127a41017e0c7674"	"Animalia"	793
"Sarcophaga"	"Arthropoda"	"Insecta"	"Diptera"	"Sarcophagidae"	"SKA8NJ"	1	"Sarcophagidae_cluster1"	"2f1d3111d1d4bd76127a41017e0c7674"	"Animalia"	42929
"Sarcophaga"	"Arthropoda"	"Insecta"	"Diptera"	"Sarcophagidae"	"SKVHMG"	1	"Sarcophagidae_cluster1"	"2f1d3111d1d4bd76127a41017e0c7674"	"Animalia"	24780
"Sarcophaga"	"Arthropoda"	"Insecta"	"Diptera"	"Sarcophagidae"	"SM6D3B"	1	"Sarcophagidae_cluster1"	"2f1d3111d1d4bd76127a41017e0c7674"	"Animalia"	4654
"Sarcophaga"	"Arthropoda"	"Insecta"	"Diptera"	"Sarcophagidae"	"SQ1CGZ"	1	"Sarcophagidae_cluster1"	"2f1d3111d1d4bd76127a41017e0c7674"	"Animalia"	12827
"Sarcophaga"	"Arthropoda"	"Insecta"	"Diptera"	"Sarcophagidae"	"SQYDDG"	1	"Sarcophagidae_cluster1"	"2f1d3111d1d4bd76127a41017e0c7674"	"Animalia"	54261
"Sarcophaga"	"Arthropoda"	"Insecta"	"Diptera"	"Sarcophagidae"	"SUNVYF"	1	"Sarcophagidae_cluster1"	"2f1d3111d1d4bd76127a41017e0c7674"	"Animalia"	6685
"Sarcophaga"	"Arthropoda"	"Insecta"	"Diptera"	"Sarcophagidae"	"SUTTXP"	1	"Sarcophagidae_cluster1"	"2f1d3111d1d4bd76127a41017e0c7674"	"Animalia"	66350
"Sarcophaga"	"Arthropoda"	"Insecta"	"Diptera"	"Sarcophagidae"	"SUXVVU"	1	"Sarcophagidae_cluster1"	"2f1d3111d1d4bd76127a41017e0c7674"	"Animalia"	183288
"Sphaerophoria"	"Arthropoda"	"Insecta"	"Diptera"	"Syrphidae"	"S6TGBG"	1	"Syrphidae_cluster1"	"37f122f5ea31063ff1857a8838107214"	"Animalia"	4103
"Sphaerophoria"	"Arthropoda"	"Insecta"	"Diptera"	"Syrphidae"	"SDD4G5"	1	"Syrphidae_cluster1"	"37f122f5ea31063ff1857a8838107214"	"Animalia"	2935
"Sphaerophoria"	"Arthropoda"	"Insecta"	"Diptera"	"Syrphidae"	"SFKMCD"	1	"Syrphidae_cluster1"	"37f122f5ea31063ff1857a8838107214"	"Animalia"	4445
"Sphaerophoria"	"Arthropoda"	"Insecta"	"Diptera"	"Syrphidae"	"SGZUHD"	0	"Syrphidae_cluster1"	"37f122f5ea31063ff1857a8838107214"	"Animalia"	1792
"Sphaerophoria"	"Arthropoda"	"Insecta"	"Diptera"	"Syrphidae"	"SKA8NJ"	1	"Syrphidae_cluster1"	"37f122f5ea31063ff1857a8838107214"	"Animalia"	15579
"Sphaerophoria"	"Arthropoda"	"Insecta"	"Diptera"	"Syrphidae"	"SQYDDG"	0	"Syrphidae_cluster1"	"37f122f5ea31063ff1857a8838107214"	"Animalia"	3218
"Sylvicola"	"Arthropoda"	"Insecta"	"Diptera"	"Anisopodidae"	"S5MEZA"	0	"Anisopodidae_cluster1"	"7341376c330a26584f01413f9256eb87"	"Animalia"	19121
"Sylvicola"	"Arthropoda"	"Insecta"	"Diptera"	"Anisopodidae"	"S8APX1"	0	"Anisopodidae_cluster1"	"7341376c330a26584f01413f9256eb87"	"Animalia"	36634
"Sylvicola"	"Arthropoda"	"Insecta"	"Diptera"	"Anisopodidae"	"SACBBR"	0	"Anisopodidae_cluster1"	"7341376c330a26584f01413f9256eb87"	"Animalia"	55596
"Sylvicola"	"Arthropoda"	"Insecta"	"Diptera"	"Anisopodidae"	"SBWPUY"	0	"Anisopodidae_cluster1"	"7341376c330a26584f01413f9256eb87"	"Animalia"	13278
"Sylvicola"	"Arthropoda"	"Insecta"	"Diptera"	"Anisopodidae"	"SCNXZK"	0	"Anisopodidae_cluster1"	"7341376c330a26584f01413f9256eb87"	"Animalia"	7093
"Sylvicola"	"Arthropoda"	"Insecta"	"Diptera"	"Anisopodidae"	"SFKMCD"	0	"Anisopodidae_cluster1"	"7341376c330a26584f01413f9256eb87"	"Animalia"	116
"Sylvicola"	"Arthropoda"	"Insecta"	"Diptera"	"Anisopodidae"	"SG3CB2"	1	"Anisopodidae_cluster1"	"7341376c330a26584f01413f9256eb87"	"Animalia"	24841
"Sylvicola"	"Arthropoda"	"Insecta"	"Diptera"	"Anisopodidae"	"SIRUBH"	0	"Anisopodidae_cluster1"	"7341376c330a26584f01413f9256eb87"	"Animalia"	5264
"Sylvicola"	"Arthropoda"	"Insecta"	"Diptera"	"Anisopodidae"	"SIUQ3G"	1	"Anisopodidae_cluster1"	"7341376c330a26584f01413f9256eb87"	"Animalia"	91003
"Sylvicola"	"Arthropoda"	"Insecta"	"Diptera"	"Anisopodidae"	"SK91LD"	0	"Anisopodidae_cluster1"	"7341376c330a26584f01413f9256eb87"	"Animalia"	1609
"Sylvicola"	"Arthropoda"	"Insecta"	"Diptera"	"Anisopodidae"	"SKA8NJ"	0	"Anisopodidae_cluster1"	"7341376c330a26584f01413f9256eb87"	"Animalia"	310
"Sylvicola"	"Arthropoda"	"Insecta"	"Diptera"	"Anisopodidae"	"SKYQAL"	0	"Anisopodidae_cluster1"	"7341376c330a26584f01413f9256eb87"	"Animalia"	9646
"Sylvicola"	"Arthropoda"	"Insecta"	"Diptera"	"Anisopodidae"	"SLWUQ2"	0	"Anisopodidae_cluster1"	"7341376c330a26584f01413f9256eb87"	"Animalia"	2724
"Sylvicola"	"Arthropoda"	"Insecta"	"Diptera"	"Anisopodidae"	"SQ1CGZ"	0	"Anisopodidae_cluster1"	"7341376c330a26584f01413f9256eb87"	"Animalia"	60
"Sylvicola"	"Arthropoda"	"Insecta"	"Diptera"	"Anisopodidae"	"SQQBCH"	0	"Anisopodidae_cluster1"	"7341376c330a26584f01413f9256eb87"	"Animalia"	964
"Sylvicola"	"Arthropoda"	"Insecta"	"Diptera"	"Anisopodidae"	"STHFJP"	0	"Anisopodidae_cluster1"	"7341376c330a26584f01413f9256eb87"	"Animalia"	6138
"Sylvicola"	"Arthropoda"	"Insecta"	"Diptera"	"Anisopodidae"	"SUNVYF"	1	"Anisopodidae_cluster1"	"7341376c330a26584f01413f9256eb87"	"Animalia"	9015
"Sylvicola"	"Arthropoda"	"Insecta"	"Diptera"	"Anisopodidae"	"SUXEKB"	0	"Anisopodidae_cluster1"	"7341376c330a26584f01413f9256eb87"	"Animalia"	17983
"Sylvicola"	"Arthropoda"	"Insecta"	"Diptera"	"Anisopodidae"	"SWKRGL"	0	"Anisopodidae_cluster1"	"7341376c330a26584f01413f9256eb87"	"Animalia"	35092
"Sylvicola"	"Arthropoda"	"Insecta"	"Diptera"	"Anisopodidae"	"SY34ZS"	0	"Anisopodidae_cluster1"	"7341376c330a26584f01413f9256eb87"	"Animalia"	22023
"Sylvicola"	"Arthropoda"	"Insecta"	"Diptera"	"Anisopodidae"	"SZNYJX"	0	"Anisopodidae_cluster1"	"7341376c330a26584f01413f9256eb87"	"Animalia"	7605
"Tetragnatha"	"Arthropoda"	"Arachnida"	"Araneae"	"Tetragnathidae"	"S6TGBG"	0	"Tetragnathidae_cluster1"	"caabb9300eb532dfb7e6a1af60b537f3"	"Animalia"	69
"Tetragnatha"	"Arthropoda"	"Arachnida"	"Araneae"	"Tetragnathidae"	"SKVHMG"	0	"Tetragnathidae_cluster1"	"caabb9300eb532dfb7e6a1af60b537f3"	"Animalia"	1856
"Tetragnatha"	"Arthropoda"	"Arachnida"	"Araneae"	"Tetragnathidae"	"SLWUQ2"	0	"Tetragnathidae_cluster1"	"caabb9300eb532dfb7e6a1af60b537f3"	"Animalia"	1633
"Tetragnatha"	"Arthropoda"	"Arachnida"	"Araneae"	"Tetragnathidae"	"SSY7BM"	0	"Tetragnathidae_cluster1"	"caabb9300eb532dfb7e6a1af60b537f3"	"Animalia"	3656
"Tetragnatha"	"Arthropoda"	"Arachnida"	"Araneae"	"Tetragnathidae"	"STHFJP"	0	"Tetragnathidae_cluster1"	"caabb9300eb532dfb7e6a1af60b537f3"	"Animalia"	937
"Tetragnatha"	"Arthropoda"	"Arachnida"	"Araneae"	"Tetragnathidae"	"SZNYJX"	1	"Tetragnathidae_cluster1"	"caabb9300eb532dfb7e6a1af60b537f3"	"Animalia"	3151
"Thymelicus"	"Arthropoda"	"Insecta"	"Lepidoptera"	"Hesperiidae"	"SKA8NJ"	1	"Hesperiidae_cluster2"	"a13b8c6fb10e13d616b5704146312792"	"Animalia"	2567
"Trichosia"	"Arthropoda"	"Insecta"	"Diptera"	"Sciaridae"	"SCECHR"	0	"Sciaridae_cluster119"	"797e8f8535952be33204ed1bf827a654"	"Animalia"	83
"Trichosia"	"Arthropoda"	"Insecta"	"Diptera"	"Sciaridae"	"SCFYMN"	0	"Sciaridae_cluster119"	"797e8f8535952be33204ed1bf827a654"	"Animalia"	771
"Trichosia"	"Arthropoda"	"Insecta"	"Diptera"	"Sciaridae"	"SHLY4A"	0	"Sciaridae_cluster119"	"797e8f8535952be33204ed1bf827a654"	"Animalia"	34
"Trichosia"	"Arthropoda"	"Insecta"	"Diptera"	"Sciaridae"	"ST2SCC"	1	"Sciaridae_cluster119"	"797e8f8535952be33204ed1bf827a654"	"Animalia"	3790
"Trichosia"	"Arthropoda"	"Insecta"	"Diptera"	"Sciaridae"	"SUNVYF"	0	"Sciaridae_cluster119"	"797e8f8535952be33204ed1bf827a654"	"Animalia"	9
"Trichosia"	"Arthropoda"	"Insecta"	"Diptera"	"Sciaridae"	"SUTTXP"	0	"Sciaridae_cluster119"	"797e8f8535952be33204ed1bf827a654"	"Animalia"	251
"Trichosia"	"Arthropoda"	"Insecta"	"Diptera"	"Sciaridae"	"SUXVVU"	0	"Sciaridae_cluster119"	"797e8f8535952be33204ed1bf827a654"	"Animalia"	688
"Vespula"	"Arthropoda"	"Insecta"	"Hymenoptera"	"Vespidae"	"SCECHR"	1	"Vespidae_cluster2"	"e610f8396671010d22a26ec311fbe701"	"Animalia"	48845
"Vespula"	"Arthropoda"	"Insecta"	"Hymenoptera"	"Vespidae"	"SFKMCD"	1	"Vespidae_cluster2"	"e610f8396671010d22a26ec311fbe701"	"Animalia"	6606
"Vespula"	"Arthropoda"	"Insecta"	"Hymenoptera"	"Vespidae"	"SK91LD"	0	"Vespidae_cluster2"	"e610f8396671010d22a26ec311fbe701"	"Animalia"	4077
"Vespula"	"Arthropoda"	"Insecta"	"Hymenoptera"	"Vespidae"	"SKA8NJ"	0	"Vespidae_cluster2"	"e610f8396671010d22a26ec311fbe701"	"Animalia"	1641
"Vespula"	"Arthropoda"	"Insecta"	"Hymenoptera"	"Vespidae"	"SKVHMG"	1	"Vespidae_cluster2"	"e610f8396671010d22a26ec311fbe701"	"Animalia"	61666
"Vespula"	"Arthropoda"	"Insecta"	"Hymenoptera"	"Vespidae"	"SQYDDG"	1	"Vespidae_cluster2"	"e610f8396671010d22a26ec311fbe701"	"Animalia"	47677
"Vespula"	"Arthropoda"	"Insecta"	"Hymenoptera"	"Vespidae"	"SSJSP9"	0	"Vespidae_cluster2"	"e610f8396671010d22a26ec311fbe701"	"Animalia"	1794
"Vespula"	"Arthropoda"	"Insecta"	"Hymenoptera"	"Vespidae"	"ST2SCC"	1	"Vespidae_cluster2"	"e610f8396671010d22a26ec311fbe701"	"Animalia"	39228
"Vespula"	"Arthropoda"	"Insecta"	"Hymenoptera"	"Vespidae"	"SWKRGL"	1	"Vespidae_cluster2"	"e610f8396671010d22a26ec311fbe701"	"Animalia"	115808
"Xestia"	"Arthropoda"	"Insecta"	"Lepidoptera"	"Noctuidae"	"SFKMCD"	0	"Noctuidae_cluster15"	"866f2168ce12f2530272ef1aa8c26540"	"Animalia"	3
"Xestia"	"Arthropoda"	"Insecta"	"Lepidoptera"	"Noctuidae"	"SNYBEM"	1	"Noctuidae_cluster15"	"866f2168ce12f2530272ef1aa8c26540"	"Animalia"	129642
